component,module,class_name,method,status,row_count_before,row_count_after,added_columns,removed_columns,modified_columns_count,warnings,error
src.algorithms.bias_detector.BiasDetector,src.algorithms.bias_detector,BiasDetector,,TIMEOUT,16,-1,,,0,timeout>10s,
src.algorithms.regime_detector.MarketRegimeDetector,src.algorithms.regime_detector,MarketRegimeDetector,,TIMEOUT,16,-1,,,0,timeout>10s,
src.analytics.interfaces.IAnalyzer,src.analytics.interfaces,IAnalyzer,,TIMEOUT,16,-1,,,0,timeout>10s,
src.cli.argument_validator.ArgumentValidator,src.cli.argument_validator,ArgumentValidator,,TIMEOUT,16,-1,,,0,timeout>10s,
src.features.context_aware_feature_selector.ContextAwareFeatureSelector,src.features.context_aware_feature_selector,ContextAwareFeatureSelector,,TIMEOUT,16,-1,,,0,timeout>10s,
src.features.feature_selector.FeatureSelectorConfig,src.features.feature_selector,FeatureSelectorConfig,,TIMEOUT,16,-1,,,0,timeout>10s,
src.features.feature_selector.SimpleFeatureSelector,src.features.feature_selector,SimpleFeatureSelector,,TIMEOUT,16,-1,,,0,timeout>10s,
src.features.feature_selector.ColabFeatureSelector,src.features.feature_selector,ColabFeatureSelector,,TIMEOUT,16,-1,,,0,timeout>10s,
src.features.feature_selector.FeatureSelector,src.features.feature_selector,FeatureSelector,,TIMEOUT,16,-1,,,0,timeout>10s,
src.metrics.base.BaseMetricCalculator,src.metrics.base,BaseMetricCalculator,,INSTANTIATE_SKIPPED,16,-1,,,0,,TypeError('BaseMetricCalculator() takes no arguments')
src.metrics.calculator.MetricsCalculator,src.metrics.calculator,MetricsCalculator,,TIMEOUT,16,-1,,,0,timeout>10s,
src.models.feature_selector.ModelFeatureSelector,src.models.feature_selector,ModelFeatureSelector,,TIMEOUT,16,-1,,,0,timeout>10s,
src.monitoring.drift_detector.DriftDetector,src.monitoring.drift_detector,DriftDetector,,TIMEOUT,16,-1,,,0,timeout>10s,
src.patterns.pattern_analyzer.PatternAnalyzer,src.patterns.pattern_analyzer,PatternAnalyzer,,TIMEOUT,16,-1,,,0,timeout>10s,
src.risk.exposure_calculator.ExposureCalculator,src.risk.exposure_calculator,ExposureCalculator,,NO_KNOWN_METHOD,16,-1,,,0,,
src.risk_management.var_calculator.VaRCalculator,src.risk_management.var_calculator,VaRCalculator,calculate,EXECUTED,16,-1,,,0,NON_DATAFRAME_OUTPUT,
src.utils.metrics.MetricsCalculator,src.utils.metrics,MetricsCalculator,,NO_KNOWN_METHOD,16,-1,,,0,,
src.utils.missing_data_anomaly_detector.MissingDataAnomalyDetector,src.utils.missing_data_anomaly_detector,MissingDataAnomalyDetector,,NO_KNOWN_METHOD,16,-1,,,0,,
src.validation.data_leakage_detector.DataLeakageDetector,src.validation.data_leakage_detector,DataLeakageDetector,,NO_KNOWN_METHOD,16,-1,,,0,,
src.validation.time_series_validator.TimeSeriesValidator,src.validation.time_series_validator,TimeSeriesValidator,,TIMEOUT,16,-1,,,0,timeout>10s,
src.validation.validators.UnifiedValidator,src.validation.validators,UnifiedValidator,,TIMEOUT,16,-1,,,0,timeout>10s,
src.algorithms.regime.metrics.RegimeMetricsCalculator,src.algorithms.regime.metrics,RegimeMetricsCalculator,,TIMEOUT,16,-1,,,0,timeout>10s,
src.analytics.analyzers.adaptive_confidence_analyzer.AdaptiveConfidenceAnalyzer,src.analytics.analyzers.adaptive_confidence_analyzer,AdaptiveConfidenceAnalyzer,analyze,EXECUTED,16,1,,,0,NON_DATAFRAME_OUTPUT,
src.analytics.analyzers.drift_analyzer.DriftAnalyzer,src.analytics.analyzers.drift_analyzer,DriftAnalyzer,,TIMEOUT,16,-1,,,0,timeout>10s,
src.analytics.analyzers.hedge_fund_analyzer.HedgeFundAnalyzer,src.analytics.analyzers.hedge_fund_analyzer,HedgeFundAnalyzer,,TIMEOUT,16,-1,,,0,timeout>10s,
src.analytics.analyzers.model_comparison_analyzer.ModelComparisonAnalyzer,src.analytics.analyzers.model_comparison_analyzer,ModelComparisonAnalyzer,analyze,EXECUTION_FAILED,16,-1,,,0,,"DataProcessingError(""Input 'results' DataFrame is empty or invalid."")"
src.analytics.analyzers.news_impact_analyzer.NewsImpactAnalyzer,src.analytics.analyzers.news_impact_analyzer,NewsImpactAnalyzer,analyze,EXECUTION_FAILED,16,-1,,,0,,"DataProcessingError(""Input data must be a non-empty DataFrame with a 'text' column."")"
src.analytics.analyzers.performance_attribution_analyzer.PerformanceAttributionAnalyzer,src.analytics.analyzers.performance_attribution_analyzer,PerformanceAttributionAnalyzer,analyze,EXECUTION_FAILED,16,-1,,,0,,DataProcessingError('portfolio_returns dataset required for analysis.')
src.analytics.analyzers.risk_decomposition_analyzer.RiskDecompositionAnalyzer,src.analytics.analyzers.risk_decomposition_analyzer,RiskDecompositionAnalyzer,analyze,EXECUTION_FAILED,16,-1,,,0,,DataProcessingError('portfolio_returns dataset required for risk analysis.')
src.analytics.analyzers.shap_analyzer.ShapAnalyzer,src.analytics.analyzers.shap_analyzer,ShapAnalyzer,,TIMEOUT,16,-1,,,0,timeout>10s,
src.analytics.analyzers.wrappers.DrawdownAnalyzer,src.analytics.analyzers.wrappers,DrawdownAnalyzer,,TIMEOUT,16,-1,,,0,timeout>10s,
src.analytics.analyzers.wrappers.FamaFrenchAnalyzer,src.analytics.analyzers.wrappers,FamaFrenchAnalyzer,,TIMEOUT,16,-1,,,0,timeout>10s,
src.analytics.analyzers.wrappers.VolatilityAnalyzer,src.analytics.analyzers.wrappers,VolatilityAnalyzer,,TIMEOUT,16,-1,,,0,timeout>10s,
src.analytics.calculators.advanced_econometrics_calculator.AdvancedEconometricsCalculator,src.analytics.calculators.advanced_econometrics_calculator,AdvancedEconometricsCalculator,,TIMEOUT,16,-1,,,0,timeout>10s,
src.analytics.calculators.drawdown_calculator.DrawdownCalculator,src.analytics.calculators.drawdown_calculator,DrawdownCalculator,,TIMEOUT,16,-1,,,0,timeout>10s,
src.analytics.calculators.econometrics_calculator.EconometricsCalculator,src.analytics.calculators.econometrics_calculator,EconometricsCalculator,,TIMEOUT,16,-1,,,0,timeout>10s,
src.analytics.calculators.explainability_calculator.ExplainabilityCalculator,src.analytics.calculators.explainability_calculator,ExplainabilityCalculator,,NO_KNOWN_METHOD,16,-1,,,0,,
src.analytics.calculators.macro_score_calculator.MacroScoreCalculator,src.analytics.calculators.macro_score_calculator,MacroScoreCalculator,,INSTANTIATE_SKIPPED,16,-1,,,0,,ValueError('Indicators configuration cannot be empty.')
src.analytics.calculators.risk_reward_calculator.RiskRewardCalculator,src.analytics.calculators.risk_reward_calculator,RiskRewardCalculator,,NO_KNOWN_METHOD,16,-1,,,0,,
src.analytics.calculators.sentiment_stats_calculator.SentimentStatsCalculator,src.analytics.calculators.sentiment_stats_calculator,SentimentStatsCalculator,,NO_KNOWN_METHOD,16,-1,,,0,,
src.analytics.calculators.volatility_calculator.VolatilityCalculator,src.analytics.calculators.volatility_calculator,VolatilityCalculator,,NO_KNOWN_METHOD,16,-1,,,0,,
src.analytics.context.contextual_model_selector.ContextualModelSelector,src.analytics.context.contextual_model_selector,ContextualModelSelector,,TIMEOUT,16,-1,,,0,timeout>10s,
src.analytics.context.ensemble_selector.EnsembleSelector,src.analytics.context.ensemble_selector,EnsembleSelector,,NO_KNOWN_METHOD,16,-1,,,0,,
src.analytics.context.macro_context_analyzer.MacroContextAnalyzer,src.analytics.context.macro_context_analyzer,MacroContextAnalyzer,,TIMEOUT,16,-1,,,0,timeout>10s,
src.analytics.context.market_context_analyzer.MarketContextAnalyzer,src.analytics.context.market_context_analyzer,MarketContextAnalyzer,,INSTANTIATE_SKIPPED,16,-1,,,0,,ValueError('The context_features list cannot be empty.')
src.analytics.context.market_phase_analyzer.MarketPhaseAnalyzer,src.analytics.context.market_phase_analyzer,MarketPhaseAnalyzer,analyze,EXECUTED,16,2,,,0,NON_DATAFRAME_OUTPUT,
src.analytics.context.market_regime_analyzer.MarketRegimeAnalyzer,src.analytics.context.market_regime_analyzer,MarketRegimeAnalyzer,,TIMEOUT,16,-1,,,0,timeout>10s,
src.analytics.detectors.anomaly_detector.AnomalyDetector,src.analytics.detectors.anomaly_detector,AnomalyDetector,,TIMEOUT,16,-1,,,0,timeout>10s,
src.analytics.detectors.critical_signal_detector.CriticalSignalDetector,src.analytics.detectors.critical_signal_detector,CriticalSignalDetector,analyze,EXECUTED,16,16,price_shock_detected;volatility_explosion_detected;volume_spike_detected,,0,,
src.analytics.reporting.model_analyzer.ModelAnalyzer,src.analytics.reporting.model_analyzer,ModelAnalyzer,,TIMEOUT,16,-1,,,0,timeout>10s,
src.backtesting.advanced.advanced_engine.BiasDetector,src.backtesting.advanced.advanced_engine,BiasDetector,,TIMEOUT,16,-1,,,0,timeout>10s,
src.core.validation.validators.TickerValidator,src.core.validation.validators,TickerValidator,,TIMEOUT,16,-1,,,0,timeout>10s,
src.core.validation.validators.DataValidator,src.core.validation.validators,DataValidator,,TIMEOUT,16,-1,,,0,timeout>10s,
src.data.validation.event_dataset_validator.EventDatasetValidator,src.data.validation.event_dataset_validator,EventDatasetValidator,validate,EXECUTED,16,3,,,0,NON_DATAFRAME_OUTPUT,
src.features.analysis.importance_stability_analyzer.ImportanceStabilityAnalyzer,src.features.analysis.importance_stability_analyzer,ImportanceStabilityAnalyzer,,TIMEOUT,16,-1,,,0,timeout>10s,
src.features.analysis.market_conditions_analyzer.MarketConditionsAnalyzer,src.features.analysis.market_conditions_analyzer,MarketConditionsAnalyzer,,TIMEOUT,16,-1,,,0,timeout>10s,
src.features.enrichers.advanced_analytics_enricher.AdvancedAnalyticsEnricher,src.features.enrichers.advanced_analytics_enricher,AdvancedAnalyticsEnricher,,TIMEOUT,16,-1,,,0,timeout>10s,
src.features.enrichers.base.EnricherError,src.features.enrichers.base,EnricherError,,NO_KNOWN_METHOD,16,-1,,,0,,
src.features.enrichers.base.BaseEnricher,src.features.enrichers.base,BaseEnricher,,INSTANTIATE_SKIPPED,16,-1,,,0,,"TypeError(""Can't instantiate abstract class BaseEnricher without an implementation for abstract methods '_enrich_impl', 'name', 'priority'"")"
src.features.enrichers.context_map_enricher.ContextMapEnricher,src.features.enrichers.context_map_enricher,ContextMapEnricher,enrich,EXECUTED,16,16,context_anxiety_index;context_fingerprint;context_pattern_id;context_pattern_seq;context_stability;context_velocity;state_close;state_high;state_low;state_open;state_volume,,0,,
src.features.enrichers.decay_features_enricher.DecayFeaturesEnricher,src.features.enrichers.decay_features_enricher,DecayFeaturesEnricher,enrich,EXECUTED,16,16,is_significant_decayed,,0,,
src.features.enrichers.derived_features_enricher.DerivedFeaturesEnricher,src.features.enrichers.derived_features_enricher,DerivedFeaturesEnricher,enrich,EXECUTED,16,16,ACCELERATION_10;ACCELERATION_5;LAG_1;LAG_10;LAG_20;LAG_5;ROLLING_KURT_10;ROLLING_KURT_20;ROLLING_SKEW_10;ROLLING_SKEW_20;ROLLING_VOL_10;ROLLING_VOL_20;VELOCITY_1;VELOCITY_10;VELOCITY_5;returns,,0,HIGH_NAN:ACCELERATION_10;HIGH_NAN:ACCELERATION_5;HIGH_NAN:LAG_10;HIGH_NAN:LAG_20;HIGH_NAN:VELOCITY_10,
src.features.enrichers.hype_enricher.HypeEnricher,src.features.enrichers.hype_enricher,HypeEnricher,enrich,EXECUTED,16,16,,,0,,
src.features.enrichers.keyword_entity_enricher.KeywordEntityEnricher,src.features.enrichers.keyword_entity_enricher,KeywordEntityEnricher,,TIMEOUT,16,-1,,,0,timeout>10s,
src.features.enrichers.macro_features_enricher.MacroFeaturesEnricher,src.features.enrichers.macro_features_enricher,MacroFeaturesEnricher,,TIMEOUT,16,-1,,,0,timeout>10s,
src.features.enrichers.market_context_enricher.MarketContextEnricher,src.features.enrichers.market_context_enricher,MarketContextEnricher,enrich,EXECUTED,16,16,market_context_day_of_week;market_context_dollar_strength;market_context_fed_funds_trend;market_context_fed_funds_velocity;market_context_hour_of_day;market_context_market_breadth;market_context_price_to_ma20;market_context_put_call_ratio;market_context_rsi_current;market_context_trend_20d;market_context_trend_5d;market_context_trend_alignment;market_context_volatility_20d;market_context_volatility_5d;market_context_volatility_ratio;market_context_volume_ratio;market_context_yield_curve_inverted;market_context_yield_curve_slope,,0,,
src.features.enrichers.news_impact_enricher.NewsImpactEnricher,src.features.enrichers.news_impact_enricher,NewsImpactEnricher,,HARNESS_ERROR,16,-1,,,0,,"AttributeError(""'NoneType' object has no attribute 'strip'"")"
src.features.enrichers.news_quality_enricher.NewsQualityEnricher,src.features.enrichers.news_quality_enricher,NewsQualityEnricher,enrich,EXECUTED,16,16,,,0,,
src.features.enrichers.nlp_features_enricher.NLPFeaturesEnricher,src.features.enrichers.nlp_features_enricher,NLPFeaturesEnricher,,TIMEOUT,16,-1,,,0,timeout>10s,
src.features.enrichers.sentiment_features_enricher.SentimentFeaturesEnricher,src.features.enrichers.sentiment_features_enricher,SentimentFeaturesEnricher,enrich,EXECUTED,16,16,,,0,,
src.features.enrichers.significance_features_enricher.SignificanceFeaturesEnricher,src.features.enrichers.significance_features_enricher,SignificanceFeaturesEnricher,enrich,EXECUTED,16,16,days_since_last_significant;is_significant;significance_intensity_7d;significant_events_30d;significant_events_7d,,0,,
src.features.enrichers.technical_analysis_enricher.TechnicalAnalysisEnricher,src.features.enrichers.technical_analysis_enricher,TechnicalAnalysisEnricher,,TIMEOUT,16,-1,,,0,timeout>10s,
src.features.enrichers.time_features_enricher.TimeFeaturesEnricher,src.features.enrichers.time_features_enricher,TimeFeaturesEnricher,enrich,EXECUTED,16,16,,,0,,
src.features.enrichers.volatility_enricher.VolatilityEnricher,src.features.enrichers.volatility_enricher,VolatilityEnricher,enrich,EXECUTED,16,16,atr_14;gk_volatility;returns;volatility_10;volatility_20;volatility_5;volatility_regime,,0,,
src.features.enrichers.volume_enricher.VolumeEnricher,src.features.enrichers.volume_enricher,VolumeEnricher,enrich,EXECUTED,16,16,obv;price_volume_trend;volume_roc;volume_rs;volume_sma_10;volume_sma_5,,0,,
src.features.monitoring.feature_drift_detector.FeatureDriftDetector,src.features.monitoring.feature_drift_detector,FeatureDriftDetector,,TIMEOUT,16,-1,,,0,timeout>10s,
src.features.selection.enhanced_smart_selector.EnhancedSmartFeatureSelector,src.features.selection.enhanced_smart_selector,EnhancedSmartFeatureSelector,,TIMEOUT,16,-1,,,0,timeout>10s,
src.features.selection.smart_selector.SmartFeatureSelector,src.features.selection.smart_selector,SmartFeatureSelector,,TIMEOUT,16,-1,,,0,timeout>10s,
src.features.selection.volatility_driver_selector.VolatilityDriverSelector,src.features.selection.volatility_driver_selector,VolatilityDriverSelector,,TIMEOUT,16,-1,,,0,timeout>10s,
src.features.utils.modular_adaptive_technical_indicators.RSICalculator,src.features.utils.modular_adaptive_technical_indicators,RSICalculator,calculate,EXECUTED,16,16,,,0,NON_DATAFRAME_OUTPUT,
