severity,rule_id,file,line,snippet,why
P1,FILLNA_ZERO_RISK,algorithms/advanced_backtest_engine.py,83,returns = equity.pct_change(fill_method=None).fillna(0),fillna(0) can hide missing data.
P0,TARGET_IN_FEATURE_MODULE,algorithms/risk_parity_allocator.py,175,target_vol_contrib = 1.0 / n_assets,Feature-like module may create target columns.
P0,TARGET_IN_FEATURE_MODULE,algorithms/risk_parity_allocator.py,176,return np.sum((risk_contrib - target_vol_contrib) ** 2),Feature-like module may create target columns.
P0,TARGET_IN_FEATURE_MODULE,cli/pipeline_executor.py,452,return [col for col in targets_df.columns if str(col).startswith('target_')],Feature-like module may create target columns.
P1,FILLNA_ZERO_RISK,meta_learning/dean_integration.py,118,returns = data['close'].pct_change(fill_method=None).fillna(0).tail(20),fillna(0) can hide missing data.
P1,FILLNA_ZERO_RISK,meta_learning/dean_integration.py,205,returns = data['close'].pct_change(fill_method=None).fillna(0).tail(20),fillna(0) can hide missing data.
P2,BROAD_EXCEPT,models/artifact_store.py,61,except Exception as e:,Broad exception. Classify fatal/degraded paths.
P2,BROAD_EXCEPT,models/artifact_store.py,85,except Exception as e:,Broad exception. Classify fatal/degraded paths.
P2,BROAD_EXCEPT,models/artifact_store.py,109,except Exception as e:,Broad exception. Classify fatal/degraded paths.
P2,BROAD_EXCEPT,models/artifact_store.py,135,except Exception as e:,Broad exception. Classify fatal/degraded paths.
P2,BROAD_EXCEPT,models/artifact_store.py,161,except Exception as e:,Broad exception. Classify fatal/degraded paths.
P2,BROAD_EXCEPT,models/artifact_store.py,189,except Exception as e:,Broad exception. Classify fatal/degraded paths.
P2,BROAD_EXCEPT,models/artifact_store.py,211,except Exception as e:,Broad exception. Classify fatal/degraded paths.
P2,BROAD_EXCEPT,models/artifact_store.py,239,except Exception as e:,Broad exception. Classify fatal/degraded paths.
P2,BROAD_EXCEPT,models/artifact_store.py,265,except Exception as e:,Broad exception. Classify fatal/degraded paths.
P2,BROAD_EXCEPT,models/artifact_store.py,287,except Exception as e:,Broad exception. Classify fatal/degraded paths.
P2,BROAD_EXCEPT,models/interfaces.py,74,except Exception:,Broad exception. Classify fatal/degraded paths.
P0,TARGET_IN_FEATURE_MODULE,monitoring/feature_drift_monitor.py,101,"if not col.startswith('target_') and col not in ['hash', 'interval']",Feature-like module may create target columns.
P0,TARGET_IN_FEATURE_MODULE,predictions/models_predict.py,62,"target_scaler=None, ensemble_weights: dict[str, float] | None=None",Feature-like module may create target columns.
P0,TARGET_IN_FEATURE_MODULE,predictions/models_predict.py,77,if target_scaler is not None:,Feature-like module may create target columns.
P0,TARGET_IN_FEATURE_MODULE,predictions/models_predict.py,78,"y_pred = safe_inverse_transform(target_scaler, y_pred)",Feature-like module may create target columns.
P0,TARGET_IN_FEATURE_MODULE,predictions/models_predict.py,109,target_scaler = None,Feature-like module may create target columns.
P0,TARGET_IN_FEATURE_MODULE,predictions/models_predict.py,119,target_scaler = model,Feature-like module may create target columns.
P0,TARGET_IN_FEATURE_MODULE,predictions/models_predict.py,123,"ensemble_result = get_predictions(models_dict, df, target_scaler=",Feature-like module may create target columns.
P0,TARGET_IN_FEATURE_MODULE,predictions/models_predict.py,124,target_scaler),Feature-like module may create target columns.
P0,TARGET_IN_FEATURE_MODULE,trading/signal_processor.py,80,target_features = historical_features.tail(1),Feature-like module may create target columns.
P0,TARGET_IN_FEATURE_MODULE,trading/signal_processor.py,81,if target_features.empty:,Feature-like module may create target columns.
P0,TARGET_IN_FEATURE_MODULE,trading/signal_processor.py,84,"{""historical_features"": historical_features, ""target_features"": target_features}",Feature-like module may create target columns.
P0,TARGET_IN_FEATURE_MODULE,trading/signal_processor.py,84,"{""historical_features"": historical_features, ""target_features"": target_features}",Feature-like module may create target columns.
P0,TARGET_IN_FEATURE_MODULE,trading/signal_processor.py,86,"return analysis.get(""similarities"", {}).get(target_features.index[-1], [])",Feature-like module may create target columns.
P0,TARGET_IN_FEATURE_MODULE,trading/trading_orchestrator.py,140,target_features = historical_features.tail(1),Feature-like module may create target columns.
P0,TARGET_IN_FEATURE_MODULE,trading/trading_orchestrator.py,142,'target_features': target_features},Feature-like module may create target columns.
P0,TARGET_IN_FEATURE_MODULE,trading/trading_orchestrator.py,142,'target_features': target_features},Feature-like module may create target columns.
P0,TARGET_IN_FEATURE_MODULE,trading/trading_orchestrator.py,145,"target_features.index[-1], [])",Feature-like module may create target columns.
P2,BROAD_EXCEPT,training/unified_training_manager.py,123,except Exception as e:,Broad exception. Classify fatal/degraded paths.
P0,TARGET_IN_FEATURE_MODULE,validation/data_leakage_detector.py,22,"TARGET_LEAKAGE = ""target_leakage""",Feature-like module may create target columns.
P0,TARGET_IN_FEATURE_MODULE,validation/pipeline_schemas.py,129,# Reject target_* columns in selected_features - targets belong in all_targets/target_manifest only,Feature-like module may create target columns.
P0,TARGET_IN_FEATURE_MODULE,validation/pipeline_schemas.py,129,# Reject target_* columns in selected_features - targets belong in all_targets/target_manifest only,Feature-like module may create target columns.
P0,TARGET_IN_FEATURE_MODULE,validation/pipeline_schemas.py,134,"""Targets should only be in all_targets/target_manifest, not in selected_features.""",Feature-like module may create target columns.
P0,TARGET_IN_FEATURE_MODULE,validation/pipeline_schemas.py,139,"raise ValueError(""No targets found in all_targets. Targets must be defined in all_targets/target_manifest."")",Feature-like module may create target columns.
P0,TARGET_IN_FEATURE_MODULE,validation/temporal_feature_separator.py,159,"def _detect_direct_target_proxy(self, col: str, feature: np.ndarray, target: np.ndarray, threshold: float) -> dict[str, Any] | None:",Feature-like module may create target columns.
P0,TARGET_IN_FEATURE_MODULE,validation/temporal_feature_separator.py,166,"'pattern': 'direct_target_proxy',",Feature-like module may create target columns.
P0,TARGET_IN_FEATURE_MODULE,validation/temporal_feature_separator.py,172,"def _detect_delayed_target_redundancy(self, col: str, feature: np.ndarray, target: np.ndarray, threshold: float) -> dict[str, Any] | None:",Feature-like module may create target columns.
P0,TARGET_IN_FEATURE_MODULE,validation/temporal_feature_separator.py,185,"'pattern': 'delayed_target_redundancy',",Feature-like module may create target columns.
P0,TARGET_IN_FEATURE_MODULE,validation/temporal_feature_separator.py,212,"direct_pattern = self._detect_direct_target_proxy(col, feature, target, threshold)",Feature-like module may create target columns.
P0,TARGET_IN_FEATURE_MODULE,validation/temporal_feature_separator.py,217,"delayed_pattern = self._detect_delayed_target_redundancy(col, feature, target, threshold)",Feature-like module may create target columns.
P0,TARGET_IN_FEATURE_MODULE,validation/time_series_validator.py,52,Target-horizon aware: Accepts target_horizon to ensure proper temporal separation,Feature-like module may create target columns.
P0,TARGET_IN_FEATURE_MODULE,validation/time_series_validator.py,59,"int=0, target_horizon: int=1, timestamp_col: str='index', ticker_col: str | None=None):",Feature-like module may create target columns.
P0,TARGET_IN_FEATURE_MODULE,validation/time_series_validator.py,63,self.target_horizon = target_horizon,Feature-like module may create target columns.
P0,TARGET_IN_FEATURE_MODULE,validation/time_series_validator.py,63,self.target_horizon = target_horizon,Feature-like module may create target columns.
P0,TARGET_IN_FEATURE_MODULE,validation/time_series_validator.py,82,effective_purge = self.purge_window + self.target_horizon,Feature-like module may create target columns.
P0,TARGET_IN_FEATURE_MODULE,validation/time_series_validator.py,83,effective_embargo = self.embargo_period + self.target_horizon,Feature-like module may create target columns.
P2,BROAD_EXCEPT,validation/validation_protocols.py,223,except Exception as e:,Broad exception. Classify fatal/degraded paths.
P2,BROAD_EXCEPT,validation/validation_protocols.py,154,except Exception as e:,Broad exception. Classify fatal/degraded paths.
P2,BROAD_EXCEPT,validation/validation_protocols.py,186,except Exception as e:,Broad exception. Classify fatal/degraded paths.
P0,TARGET_IN_FEATURE_MODULE,analytics/analyzers/causal_event_finder.py,19,"def __init__(self, treatment: str = ""event_detected"", outcome: str = ""target_future_return"",",Feature-like module may create target columns.
P0,TARGET_IN_FEATURE_MODULE,analytics/analyzers/causal_event_finder.py,116,if any(p in col_name.lower() for p in forbidden_patterns) and not col_name.startswith('target_'):,Feature-like module may create target columns.
P0,TARGET_IN_FEATURE_MODULE,analytics/analyzers/causal_event_finder.py,118,"f""Leakage hazard: '{col_name}' contains future data patterns but lacks 'target_' prefix. """,Feature-like module may create target columns.
P0,TARGET_IN_FEATURE_MODULE,analytics/analyzers/causal_event_finder.py,119,"""Please rename to 'target_<name>'.""",Feature-like module may create target columns.
P0,TARGET_IN_FEATURE_MODULE,analytics/analyzers/knn_similarity_finder.py,55,target_df = data.get('target_features'),Feature-like module may create target columns.
P0,TARGET_IN_FEATURE_MODULE,analytics/analyzers/knn_similarity_finder.py,55,target_df = data.get('target_features'),Feature-like module may create target columns.
P0,TARGET_IN_FEATURE_MODULE,analytics/analyzers/knn_similarity_finder.py,57,if historical_df is None or target_df is None:,Feature-like module may create target columns.
P0,TARGET_IN_FEATURE_MODULE,analytics/analyzers/knn_similarity_finder.py,76,X_target = target_df.select_dtypes(include=['number']),Feature-like module may create target columns.
P0,TARGET_IN_FEATURE_MODULE,analytics/analyzers/knn_similarity_finder.py,83,"X_hist, X_target = self._prepare_feature_matrices(working_historical, target_df)",Feature-like module may create target columns.
P0,TARGET_IN_FEATURE_MODULE,analytics/analyzers/knn_similarity_finder.py,102,"target_df: pd.DataFrame,",Feature-like module may create target columns.
P0,TARGET_IN_FEATURE_MODULE,analytics/analyzers/knn_similarity_finder.py,106,"X_target = target_df.apply(pd.to_numeric, errors='coerce')",Feature-like module may create target columns.
P0,TARGET_IN_FEATURE_MODULE,analytics/analyzers/knn_similarity_finder.py,133,target_df = current_context.to_frame().T,Feature-like module may create target columns.
P0,TARGET_IN_FEATURE_MODULE,analytics/analyzers/knn_similarity_finder.py,134,"X_target = target_df.reindex(columns=self.feature_columns).apply(pd.to_numeric, errors='coerce')",Feature-like module may create target columns.
P0,TARGET_IN_FEATURE_MODULE,analytics/analyzers/knn_similarity_finder.py,147,"def _format_results(self, distances: list, indices: list, target_index: pd.Index, historical_index: pd.Index) -> dict:",Feature-like module may create target columns.
P0,TARGET_IN_FEATURE_MODULE,analytics/analyzers/knn_similarity_finder.py,149,"for i, target_id in enumerate(target_index):",Feature-like module may create target columns.
P0,TARGET_IN_FEATURE_MODULE,analytics/analyzers/knn_similarity_finder.py,149,"for i, target_id in enumerate(target_index):",Feature-like module may create target columns.
P0,TARGET_IN_FEATURE_MODULE,analytics/analyzers/knn_similarity_finder.py,161,"results[target_id] = sorted(similar_items, key=lambda x: x['similarity_score'], reverse=True)",Feature-like module may create target columns.
P2,BROAD_EXCEPT,analytics/backtesting/engine.py,294,except Exception as e:,Broad exception. Classify fatal/degraded paths.
P1,FILLNA_ZERO_RISK,analytics/calculators/market_regime_calculator.py,33,rolling_std = price_series.pct_change(fill_method=None).fillna(0).rolling(window=window).std(),fillna(0) can hide missing data.
P1,FILLNA_ZERO_RISK,analytics/calculators/market_regime_calculator.py,34,rolling_mean = price_series.pct_change(fill_method=None).fillna(0).rolling(window=window).mean(),fillna(0) can hide missing data.
P1,FILLNA_ZERO_RISK,analytics/calculators/market_regime_calculator.py,99,returns = price_series.pct_change(fill_method=None).fillna(0),fillna(0) can hide missing data.
P0,TARGET_IN_FEATURE_MODULE,analytics/context/causal_engine.py,33,"target_index: pd.DatetimeIndex,",Feature-like module may create target columns.
P0,TARGET_IN_FEATURE_MODULE,analytics/context/causal_engine.py,41,implied_features = self._initialize_implied_features(target_index),Feature-like module may create target columns.
P0,TARGET_IN_FEATURE_MODULE,analytics/context/causal_engine.py,53,"self._apply_event_causal_effects(event_data, implied_features, target_index, speed_factor, power_factor)",Feature-like module may create target columns.
P0,TARGET_IN_FEATURE_MODULE,analytics/context/causal_engine.py,57,"def _initialize_implied_features(self, target_index: pd.DatetimeIndex) -> pd.DataFrame:",Feature-like module may create target columns.
P0,TARGET_IN_FEATURE_MODULE,analytics/context/causal_engine.py,58,"return pd.DataFrame(0.0, index=target_index, columns=self._get_all_causal_features())",Feature-like module may create target columns.
P0,TARGET_IN_FEATURE_MODULE,analytics/context/causal_engine.py,61,"target_index: pd.DatetimeIndex, speed_factor: float, power_factor: float):",Feature-like module may create target columns.
P0,TARGET_IN_FEATURE_MODULE,analytics/context/causal_engine.py,74,"idx_pos = target_index.get_indexer([impact_time], method='ffill')",Feature-like module may create target columns.
P0,TARGET_IN_FEATURE_MODULE,analytics/context/contextual_model_selector.py,194,"(model, row.get(f""target_{model}"", -np.inf))",Feature-like module may create target columns.
P0,TARGET_IN_FEATURE_MODULE,analytics/data_managers/model_results_manager.py,51,target_path = (self.heavy_results_path if is_heavy else self.,Feature-like module may create target columns.
P0,TARGET_IN_FEATURE_MODULE,analytics/data_managers/model_results_manager.py,58,if target_path.exists():,Feature-like module may create target columns.
P0,TARGET_IN_FEATURE_MODULE,analytics/data_managers/model_results_manager.py,59,existing_df = pd.read_parquet(target_path),Feature-like module may create target columns.
P0,TARGET_IN_FEATURE_MODULE,analytics/data_managers/model_results_manager.py,66,combined_df.to_parquet(target_path),Feature-like module may create target columns.
P0,TARGET_IN_FEATURE_MODULE,analytics/data_managers/model_results_manager.py,68,f'Persisted {len(df_to_save)} new results to {target_path}'),Feature-like module may create target columns.
P0,TARGET_IN_FEATURE_MODULE,analytics/data_managers/model_results_manager.py,69,"self._cache.pop(str(target_path), None)",Feature-like module may create target columns.
P0,TARGET_IN_FEATURE_MODULE,analytics/data_managers/model_results_manager.py,72,"logger.error(f'Failed to persist results to {target_path}: {e}',",Feature-like module may create target columns.
P0,TARGET_IN_FEATURE_MODULE,analytics/data_managers/model_results_manager.py,74,raise DataProcessingError(f'Failed to persist results to {target_path}: {e}') from e,Feature-like module may create target columns.
P0,TARGET_IN_FEATURE_MODULE,analytics/data_managers/model_results_manager.py,207,target_path = self.base_path / filename,Feature-like module may create target columns.
P0,TARGET_IN_FEATURE_MODULE,analytics/data_managers/model_results_manager.py,209,"with open(target_path, 'w', encoding='utf-8') as f:",Feature-like module may create target columns.
P0,TARGET_IN_FEATURE_MODULE,analytics/data_managers/model_results_manager.py,211,logger.info(f'Saved JSON report to {target_path}'),Feature-like module may create target columns.
P0,TARGET_IN_FEATURE_MODULE,analytics/data_managers/model_results_manager.py,213,logger.error(f'Failed to save JSON report to {target_path}: {e}'),Feature-like module may create target columns.
P0,TARGET_IN_FEATURE_MODULE,analytics/data_managers/model_results_manager.py,214,raise DataProcessingError(f'Failed to save JSON report to {target_path}: {e}') from e,Feature-like module may create target columns.
P0,TARGET_IN_FEATURE_MODULE,analytics/utils/knn_model_wrapper.py,48,"def find_neighbors(self, target_features_df: pd.DataFrame) -> tuple:",Feature-like module may create target columns.
P0,TARGET_IN_FEATURE_MODULE,analytics/utils/knn_model_wrapper.py,60,numeric_target_df = target_features_df.select_dtypes(include=['number']).dropna(),Feature-like module may create target columns.
P0,TARGET_IN_FEATURE_MODULE,analytics/utils/knn_model_wrapper.py,60,numeric_target_df = target_features_df.select_dtypes(include=['number']).dropna(),Feature-like module may create target columns.
P0,TARGET_IN_FEATURE_MODULE,analytics/utils/knn_model_wrapper.py,61,if numeric_target_df.empty:,Feature-like module may create target columns.
P0,TARGET_IN_FEATURE_MODULE,analytics/utils/knn_model_wrapper.py,67,scaled_target = self.scaler.transform(numeric_target_df),Feature-like module may create target columns.
P0,TARGET_IN_FEATURE_MODULE,colab/config/config_loader.py,81,"batch_name = batch_name.replace('target_target_', 'target_')",Feature-like module may create target columns.
P0,TARGET_IN_FEATURE_MODULE,colab/config/config_loader.py,81,"batch_name = batch_name.replace('target_target_', 'target_')",Feature-like module may create target columns.
P0,TARGET_IN_FEATURE_MODULE,core/security/path_validator.py,31,target_path = Path(path).resolve(),Feature-like module may create target columns.
P0,TARGET_IN_FEATURE_MODULE,core/security/path_validator.py,33,if not allow_symlinks and target_path.is_symlink():,Feature-like module may create target columns.
P0,TARGET_IN_FEATURE_MODULE,core/security/path_validator.py,37,if not str(target_path).startswith(str(base_path)):,Feature-like module may create target columns.
P0,TARGET_IN_FEATURE_MODULE,core/security/path_validator.py,39,"f""Path '{target_path}' is outside authorized base directory '{base_path}'""",Feature-like module may create target columns.
P0,TARGET_IN_FEATURE_MODULE,core/security/path_validator.py,42,return target_path,Feature-like module may create target columns.
P0,TARGET_IN_FEATURE_MODULE,core/security/secure_secrets_manager.py,278,"target_patterns = [""API"", ""KEY"", ""TOKEN"", ""SECRET"", ""PASSWORD"", ""URL"", ""DATABASE""]",Feature-like module may create target columns.
P0,TARGET_IN_FEATURE_MODULE,core/security/secure_secrets_manager.py,283,is_security_related = any(p in key.upper() for p in target_patterns),Feature-like module may create target columns.
P0,TARGET_IN_FEATURE_MODULE,data/validation/event_dataset_validator.py,45,.startswith('Missing') or i.startswith('No target_')]) == 0,Feature-like module may create target columns.
P0,TARGET_IN_FEATURE_MODULE,data/validation/event_dataset_validator.py,100,return ['CRITICAL: No target_* columns found in event dataset.'],Feature-like module may create target columns.
P0,TARGET_IN_FEATURE_MODULE,data/validation/event_dataset_validator.py,104,return ['CRITICAL: All target_* values are missing.'],Feature-like module may create target columns.
P2,BROAD_EXCEPT,ensembling/ensemble/archive/adaptive_ensemble.py,226,except Exception as e:,Broad exception. Classify fatal/degraded paths.
P2,BROAD_EXCEPT,features/analysis/news_decay_modeler.py,337,except Exception as e:,Broad exception. Classify fatal/degraded paths.
P0,TARGET_IN_FEATURE_MODULE,features/builders/news_event_dataset_builder.py,162,"if isinstance(col, str) and col.startswith('target_'):",Feature-like module may create target columns.
P0,TARGET_IN_FEATURE_MODULE,features/enrichers/context_map_enricher.py,133,return [c for c in context_columns if not c.startswith('target_') and not c.startswith('state_') and c not in exclude],Feature-like module may create target columns.
P1,FILLNA_ZERO_RISK,features/enrichers/improved_sentiment_enricher.py,98,.fillna(0)  # No change for first value,fillna(0) can hide missing data.
P1,FILLNA_ZERO_RISK,features/enrichers/improved_sentiment_enricher.py,105,.fillna(0),fillna(0) can hide missing data.
P2,BROAD_EXCEPT,features/enrichers/news_quality_enricher.py,223,except Exception as e:,Broad exception. Classify fatal/degraded paths.
P0,TARGET_IN_FEATURE_MODULE,features/selection/smart_selector.py,298,"features_clean = features_df.drop(columns=[c for c in features_df.columns if str(c).startswith('target_')], errors='ignore')",Feature-like module may create target columns.
P1,FILLNA_ZERO_RISK,features/utils/adaptive_technical_indicators.py,106,returns_clean = returns.ffill().fillna(0) # Forward fill then zero fill if needed,fillna(0) can hide missing data.
P1,FILLNA_ZERO_RISK,features/utils/adaptive_technical_indicators.py,265,volume_volatility = volume.pct_change(fill_method=None).fillna(0).rolling(self.volatility_window).std(),fillna(0) can hide missing data.
P1,FILLNA_ZERO_RISK,features/utils/adaptive_technical_indicators.py,309,momentum_roc = momentum.pct_change(fill_method=None).fillna(0) * 100,fillna(0) can hide missing data.
P0,BFILL_CAUSAL_RISK,features/utils/hybrid_adaptive_technical_indicators.py,148,"return upper_band.ffill().bfill().fillna(rolling_mean), rolling_mean.ffill().bfill().fillna(prices.mean()), lower_band.ffill().bfill().fillna(rolling_mean)",Backfill can leak future data.
P0,BFILL_CAUSAL_RISK,features/utils/hybrid_adaptive_technical_indicators.py,148,"return upper_band.ffill().bfill().fillna(rolling_mean), rolling_mean.ffill().bfill().fillna(prices.mean()), lower_band.ffill().bfill().fillna(rolling_mean)",Backfill can leak future data.
P0,BFILL_CAUSAL_RISK,features/utils/hybrid_adaptive_technical_indicators.py,148,"return upper_band.ffill().bfill().fillna(rolling_mean), rolling_mean.ffill().bfill().fillna(prices.mean()), lower_band.ffill().bfill().fillna(rolling_mean)",Backfill can leak future data.
P1,FILLNA_ZERO_RISK,features/utils/hybrid_adaptive_technical_indicators.py,56,delta_clean = delta.fillna(0),fillna(0) can hide missing data.
P1,FILLNA_ZERO_RISK,features/utils/hybrid_adaptive_technical_indicators.py,109,"return macd_line.fillna(0), signal_line.fillna(0), histogram.fillna(0)",fillna(0) can hide missing data.
P1,FILLNA_ZERO_RISK,features/utils/hybrid_adaptive_technical_indicators.py,109,"return macd_line.fillna(0), signal_line.fillna(0), histogram.fillna(0)",fillna(0) can hide missing data.
P1,FILLNA_ZERO_RISK,features/utils/hybrid_adaptive_technical_indicators.py,109,"return macd_line.fillna(0), signal_line.fillna(0), histogram.fillna(0)",fillna(0) can hide missing data.
P1,FILLNA_ZERO_RISK,features/utils/hybrid_adaptive_technical_indicators.py,142,adaptive_std = base_std * (1 + vol_ratio.fillna(0) * 2.0),fillna(0) can hide missing data.
P1,FILLNA_ZERO_RISK,features/utils/hybrid_adaptive_technical_indicators.py,185,returns = prices.pct_change(fill_method=None).fillna(0),fillna(0) can hide missing data.
P2,BROAD_EXCEPT,features/utils/hybrid_adaptive_technical_indicators.py,71,except Exception as e:,Broad exception. Classify fatal/degraded paths.
P2,BROAD_EXCEPT,features/utils/hybrid_adaptive_technical_indicators.py,111,except Exception as e:,Broad exception. Classify fatal/degraded paths.
P2,BROAD_EXCEPT,features/utils/hybrid_adaptive_technical_indicators.py,150,except Exception as e:,Broad exception. Classify fatal/degraded paths.
P2,BROAD_EXCEPT,features/utils/hybrid_adaptive_technical_indicators.py,176,except Exception as e:,Broad exception. Classify fatal/degraded paths.
P2,BROAD_EXCEPT,features/utils/hybrid_adaptive_technical_indicators.py,195,except Exception as e:,Broad exception. Classify fatal/degraded paths.
P1,FILLNA_ZERO_RISK,features/utils/simple_adaptive_technical_indicators.py,72,"return macd_line.ffill().fillna(0), signal_line.ffill().fillna(0), histogram.ffill().fillna(0)",fillna(0) can hide missing data.
P1,FILLNA_ZERO_RISK,features/utils/simple_adaptive_technical_indicators.py,72,"return macd_line.ffill().fillna(0), signal_line.ffill().fillna(0), histogram.ffill().fillna(0)",fillna(0) can hide missing data.
P1,FILLNA_ZERO_RISK,features/utils/simple_adaptive_technical_indicators.py,72,"return macd_line.ffill().fillna(0), signal_line.ffill().fillna(0), histogram.ffill().fillna(0)",fillna(0) can hide missing data.
P1,FILLNA_ZERO_RISK,features/utils/simple_adaptive_technical_indicators.py,84,rolling_std = prices.rolling(window=base_period).std().ffill().fillna(0),fillna(0) can hide missing data.
P2,BROAD_EXCEPT,features/utils/simple_adaptive_technical_indicators.py,116,except Exception as e:,Broad exception. Classify fatal/degraded paths.
P1,FILLNA_ZERO_RISK,features/utils/ultimate_adaptive_technical_indicators.py,125,"return macd_composite.ffill().fillna(0), signal_composite.ffill().fillna(0), histogram_composite.ffill().fillna(0)",fillna(0) can hide missing data.
P1,FILLNA_ZERO_RISK,features/utils/ultimate_adaptive_technical_indicators.py,125,"return macd_composite.ffill().fillna(0), signal_composite.ffill().fillna(0), histogram_composite.ffill().fillna(0)",fillna(0) can hide missing data.
P1,FILLNA_ZERO_RISK,features/utils/ultimate_adaptive_technical_indicators.py,125,"return macd_composite.ffill().fillna(0), signal_composite.ffill().fillna(0), histogram_composite.ffill().fillna(0)",fillna(0) can hide missing data.
P1,FILLNA_ZERO_RISK,features/utils/ultimate_adaptive_technical_indicators.py,143,rolling_std = prices.rolling(window=base_period).std().ffill().fillna(0),fillna(0) can hide missing data.
P2,BROAD_EXCEPT,features/utils/ultimate_adaptive_technical_indicators.py,39,except Exception as e:,Broad exception. Classify fatal/degraded paths.
P2,BROAD_EXCEPT,features/utils/ultimate_adaptive_technical_indicators.py,86,except Exception as e:,Broad exception. Classify fatal/degraded paths.
P2,BROAD_EXCEPT,features/utils/ultimate_adaptive_technical_indicators.py,127,except Exception as e:,Broad exception. Classify fatal/degraded paths.
P2,BROAD_EXCEPT,features/utils/ultimate_adaptive_technical_indicators.py,170,except Exception as e:,Broad exception. Classify fatal/degraded paths.
P2,BROAD_EXCEPT,features/utils/ultimate_adaptive_technical_indicators.py,199,except Exception as e:,Broad exception. Classify fatal/degraded paths.
P2,BROAD_EXCEPT,features/utils/ultimate_adaptive_technical_indicators.py,224,except Exception as e:,Broad exception. Classify fatal/degraded paths.
P0,TARGET_IN_FEATURE_MODULE,main/modes/training_data_pipeline.py,19,from src.targets.target_orchestrator import TargetOrchestrator,Feature-like module may create target columns.
P0,TARGET_IN_FEATURE_MODULE,main/modes/training_data_pipeline.py,55,target_orchestrator = TargetOrchestrator(targets_list=targets_list),Feature-like module may create target columns.
P0,TARGET_IN_FEATURE_MODULE,main/modes/training_data_pipeline.py,57,targets_df = target_orchestrator.generate_targets(features_df),Feature-like module may create target columns.
P0,TARGET_IN_FEATURE_MODULE,meta_learning/memory/knn_context_finder.py,86,target_vec = self._fingerprint_to_vec(context_fingerprint),Feature-like module may create target columns.
P0,TARGET_IN_FEATURE_MODULE,meta_learning/memory/knn_context_finder.py,87,if not target_vec:,Feature-like module may create target columns.
P0,TARGET_IN_FEATURE_MODULE,meta_learning/memory/knn_context_finder.py,92,"hist_vecs = [(fp, v) for fp, v in hist_vecs if len(v) == len(target_vec)]",Feature-like module may create target columns.
P0,TARGET_IN_FEATURE_MODULE,meta_learning/memory/knn_context_finder.py,96,"return target_vec, hist_vecs",Feature-like module may create target columns.
P0,TARGET_IN_FEATURE_MODULE,meta_learning/memory/knn_context_finder.py,98,"def _find_knn_neighbors(self, target_vec: list, hist_vecs: list, n_neighbors: int, min_neighbors: int) -> list[str] | None:",Feature-like module may create target columns.
P0,TARGET_IN_FEATURE_MODULE,meta_learning/memory/knn_context_finder.py,102,"cols = [f""fp_{i}"" for i in range(len(target_vec))]",Feature-like module may create target columns.
P0,TARGET_IN_FEATURE_MODULE,meta_learning/memory/knn_context_finder.py,105,"target_df = pd.DataFrame([target_vec], columns=cols, index=[""target""])",Feature-like module may create target columns.
P0,TARGET_IN_FEATURE_MODULE,meta_learning/memory/knn_context_finder.py,105,"target_df = pd.DataFrame([target_vec], columns=cols, index=[""target""])",Feature-like module may create target columns.
P0,TARGET_IN_FEATURE_MODULE,meta_learning/memory/knn_context_finder.py,108,"res = finder.analyze({""historical_features"": hist_df, ""target_features"": target_df})",Feature-like module may create target columns.
P0,TARGET_IN_FEATURE_MODULE,meta_learning/memory/knn_context_finder.py,108,"res = finder.analyze({""historical_features"": hist_df, ""target_features"": target_df})",Feature-like module may create target columns.
P0,TARGET_IN_FEATURE_MODULE,meta_learning/memory/knn_context_finder.py,189,"target_vec, hist_vecs = knn_data",Feature-like module may create target columns.
P0,TARGET_IN_FEATURE_MODULE,meta_learning/memory/knn_context_finder.py,192,"neighbor_fps = self._find_knn_neighbors(target_vec, hist_vecs, n_neighbors, min_neighbors)",Feature-like module may create target columns.
P0,TARGET_IN_FEATURE_MODULE,meta_learning/memory/knn_context_finder.py,249,target_vec = ContextualWeightCalculator.pattern_sequence_to_vec(context_pattern_seq),Feature-like module may create target columns.
P0,TARGET_IN_FEATURE_MODULE,meta_learning/memory/knn_context_finder.py,250,if not target_vec:,Feature-like module may create target columns.
P0,TARGET_IN_FEATURE_MODULE,meta_learning/memory/knn_context_finder.py,259,if len(vec) == len(target_vec),Feature-like module may create target columns.
P0,TARGET_IN_FEATURE_MODULE,meta_learning/memory/knn_context_finder.py,267,"cols = [f""pattern_{i}"" for i in range(len(target_vec))]",Feature-like module may create target columns.
P0,TARGET_IN_FEATURE_MODULE,meta_learning/memory/knn_context_finder.py,270,"target_df = pd.DataFrame([target_vec], columns=cols, index=[""target""])",Feature-like module may create target columns.
P0,TARGET_IN_FEATURE_MODULE,meta_learning/memory/knn_context_finder.py,270,"target_df = pd.DataFrame([target_vec], columns=cols, index=[""target""])",Feature-like module may create target columns.
P0,TARGET_IN_FEATURE_MODULE,meta_learning/memory/knn_context_finder.py,273,"res = finder.analyze({""historical_features"": hist_df, ""target_features"": target_df})",Feature-like module may create target columns.
P0,TARGET_IN_FEATURE_MODULE,meta_learning/memory/knn_context_finder.py,273,"res = finder.analyze({""historical_features"": hist_df, ""target_features"": target_df})",Feature-like module may create target columns.
P0,TEMPORAL_NEGATIVE_SHIFT,models/model_selector/context_prediction_mapper.py,384,predictions[f'target_{column}_price'] = df['close'].shift(-1) / df['close'],Future shift. Check ticker grouping.
P0,TEMPORAL_NEGATIVE_SHIFT,models/model_selector/context_prediction_mapper.py,385,predictions[f'target_{column}_direction'] = (df['close'].shift(-1) > df['close']).astype(int),Future shift. Check ticker grouping.
P2,BROAD_EXCEPT,models/model_selector/selector.py,66,except Exception as e:,Broad exception. Classify fatal/degraded paths.
P2,BROAD_EXCEPT,models/model_selector/selector.py,101,except Exception as e:,Broad exception. Classify fatal/degraded paths.
P1,FILLNA_ZERO_RISK,models/analysis/baselines/models.py,35,X = X_clean.select_dtypes(include=[np.number]).fillna(0),fillna(0) can hide missing data.
P1,FILLNA_ZERO_RISK,models/analysis/baselines/models.py,72,X = X_clean.select_dtypes(include=[np.number]).fillna(0),fillna(0) can hide missing data.
P0,TARGET_IN_FEATURE_MODULE,pipeline/guards/safe_feature_combiner.py,157,"if col not in ['datetime', 'ticker', 'interval'] and not col.startswith('target_')]",Feature-like module may create target columns.
P0,TARGET_IN_FEATURE_MODULE,pipeline/guards/safe_feature_combiner.py,324,"if col not in ['datetime', 'ticker', 'interval'] and not col.startswith('target_')]",Feature-like module may create target columns.
P0,TARGET_IN_FEATURE_MODULE,pipeline/guards/safe_feature_combiner.py,408,"if col not in ['datetime', 'ticker', 'interval'] and not col.startswith('target_')]",Feature-like module may create target columns.
P0,TARGET_IN_FEATURE_MODULE,pipeline/guards/temporal_leakage_guard.py,346,"target_df: pd.DataFrame,",Feature-like module may create target columns.
P0,TARGET_IN_FEATURE_MODULE,pipeline/guards/temporal_leakage_guard.py,353,target_df: Target DataFrame,Feature-like module may create target columns.
P0,TARGET_IN_FEATURE_MODULE,pipeline/guards/temporal_leakage_guard.py,375,if not features_df.empty and not target_df.empty:,Feature-like module may create target columns.
P0,TARGET_IN_FEATURE_MODULE,pipeline/guards/temporal_leakage_guard.py,391,'targets_shape': target_df.shape,Feature-like module may create target columns.
P0,TARGET_IN_FEATURE_MODULE,pipeline/guards/temporal_leakage_guard.py,396,"def check_feature_target_alignment(self,",Feature-like module may create target columns.
P0,TARGET_IN_FEATURE_MODULE,pipeline/guards/temporal_leakage_guard.py,398,"target_df: pd.DataFrame,",Feature-like module may create target columns.
P0,TARGET_IN_FEATURE_MODULE,pipeline/guards/temporal_leakage_guard.py,405,target_df: Target DataFrame,Feature-like module may create target columns.
P0,TARGET_IN_FEATURE_MODULE,pipeline/guards/temporal_leakage_guard.py,420,targets_dt = self._get_datetime_column(target_df),Feature-like module may create target columns.
P0,TARGET_IN_FEATURE_MODULE,pipeline/guards/temporal_leakage_guard.py,433,targets_time = target_df.index,Feature-like module may create target columns.
P0,TARGET_IN_FEATURE_MODULE,pipeline/guards/temporal_leakage_guard.py,435,targets_time = pd.to_datetime(target_df[targets_dt]),Feature-like module may create target columns.
P0,TARGET_IN_FEATURE_MODULE,pipeline/guards/temporal_leakage_guard.py,441,"f""target_max={targets_time.max()}, feature_max={features_time.max()}""",Feature-like module may create target columns.
P0,TARGET_IN_FEATURE_MODULE,pipeline/guards/temporal_leakage_guard.py,448,"f""feature_max={features_time.max()}, target_max={targets_time.max()}""",Feature-like module may create target columns.
P0,TARGET_IN_FEATURE_MODULE,pipeline/guards/temporal_target_guard.py,83,"def _process_target_config(self, config: dict, df_enriched: pd.DataFrame) -> tuple:",Feature-like module may create target columns.
P0,TARGET_IN_FEATURE_MODULE,pipeline/guards/temporal_target_guard.py,114,target_configs: list[dict] | None = None) -> pd.DataFrame:,Feature-like module may create target columns.
P0,TARGET_IN_FEATURE_MODULE,pipeline/guards/temporal_target_guard.py,119,if df_enriched is None or df_enriched.empty or not target_configs:,Feature-like module may create target columns.
P0,TARGET_IN_FEATURE_MODULE,pipeline/guards/temporal_target_guard.py,129,for config in target_configs:,Feature-like module may create target columns.
P0,TARGET_IN_FEATURE_MODULE,pipeline/guards/temporal_target_guard.py,130,"name, result = self._process_target_config(config, df_enriched)",Feature-like module may create target columns.
P0,TARGET_IN_FEATURE_MODULE,pipeline/guards/temporal_target_guard.py,139,def get_temporal_target_guard(config_manager=None) -> TemporalTargetGuard:,Feature-like module may create target columns.
P0,TARGET_IN_FEATURE_MODULE,pipeline/guards/temporal_target_guard.py,145,guard = get_temporal_target_guard(),Feature-like module may create target columns.
P0,TARGET_IN_FEATURE_MODULE,pipeline/guards/__init__.py,26,"from .temporal_target_guard import TemporalTargetGuard, generate_targets_quick, get_temporal_target_guard",Feature-like module may create target columns.
P0,TARGET_IN_FEATURE_MODULE,pipeline/guards/__init__.py,26,"from .temporal_target_guard import TemporalTargetGuard, generate_targets_quick, get_temporal_target_guard",Feature-like module may create target columns.
P0,TARGET_IN_FEATURE_MODULE,pipeline/guards/__init__.py,40,"'get_temporal_target_guard',",Feature-like module may create target columns.
P0,TARGET_IN_FEATURE_MODULE,pipeline/hybrid/colab_manager.py,63,"eff_batch_name = (config.batch_name or self.batch_name).replace('target_target_', 'target_')",Feature-like module may create target columns.
P0,TARGET_IN_FEATURE_MODULE,pipeline/hybrid/colab_manager.py,63,"eff_batch_name = (config.batch_name or self.batch_name).replace('target_target_', 'target_')",Feature-like module may create target columns.
P0,TARGET_IN_FEATURE_MODULE,pipeline/hybrid/colab_manager.py,254,"batch_name = batch_name.replace('target_target_', 'target_')",Feature-like module may create target columns.
P0,TARGET_IN_FEATURE_MODULE,pipeline/hybrid/colab_manager.py,254,"batch_name = batch_name.replace('target_target_', 'target_')",Feature-like module may create target columns.
P0,TARGET_IN_FEATURE_MODULE,pipeline/hybrid/colab_workflow_manager.py,61,feats = [c for c in features_df.columns if not c.startswith('target_')],Feature-like module may create target columns.
P0,TARGET_IN_FEATURE_MODULE,pipeline/hybrid/data_batch_manager.py,46,"target_dedup_cols = self._dedup_columns(e_t, targets_df_filtered)",Feature-like module may create target columns.
P0,TARGET_IN_FEATURE_MODULE,pipeline/hybrid/data_batch_manager.py,51,"subset=target_dedup_cols, keep='last'",Feature-like module may create target columns.
P0,TARGET_IN_FEATURE_MODULE,pipeline/hybrid/feature_selection_manager.py,57,"if not col.startswith('target_') and col not in ['ticker', 'timeframe', 'date', 'datetime']]",Feature-like module may create target columns.
P0,TARGET_IN_FEATURE_MODULE,pipeline/hybrid/feature_selection_validator.py,127,"startswith('target_') and col not in ['ticker', 'timeframe',",Feature-like module may create target columns.
P0,TARGET_IN_FEATURE_MODULE,pipeline/hybrid/final_stages_executor.py,77,for target_data in all_results.values():,Feature-like module may create target columns.
P0,TARGET_IN_FEATURE_MODULE,pipeline/hybrid/final_stages_executor.py,78,"models = target_data.get('models', {})",Feature-like module may create target columns.
P0,TARGET_IN_FEATURE_MODULE,pipeline/hybrid/final_stages_executor.py,114,"for target, target_data in ticker_data['timeframes']['all']['results'].items():",Feature-like module may create target columns.
P0,TARGET_IN_FEATURE_MODULE,pipeline/hybrid/final_stages_executor.py,116,existing['timeframes']['all']['results'][target] = target_data,Feature-like module may create target columns.
P0,TARGET_IN_FEATURE_MODULE,pipeline/hybrid/final_stages_executor.py,119,"new_models = target_data.get('models', {})",Feature-like module may create target columns.
P0,TARGET_IN_FEATURE_MODULE,pipeline/hybrid/light_models_trainer.py,127,col.startswith('target_')],Feature-like module may create target columns.
P0,TARGET_IN_FEATURE_MODULE,pipeline/hybrid/model_training_orchestrator.py,249,"target_definitions = targets_config.get('targets', targets_config)",Feature-like module may create target columns.
P0,TARGET_IN_FEATURE_MODULE,pipeline/hybrid/model_training_orchestrator.py,251,"configured_type = str(target_meta.get('type', '')).lower()",Feature-like module may create target columns.
P0,TARGET_IN_FEATURE_MODULE,pipeline/hybrid/pipeline_manager.py,131,"if not str(col).startswith(""target_"")",Feature-like module may create target columns.
P0,TARGET_IN_FEATURE_MODULE,pipeline/hybrid/results_processor.py,41,"eff_batch_name = batch_name.replace('target_target_', 'target_')",Feature-like module may create target columns.
P0,TARGET_IN_FEATURE_MODULE,pipeline/hybrid/results_processor.py,41,"eff_batch_name = batch_name.replace('target_target_', 'target_')",Feature-like module may create target columns.
P0,TARGET_IN_FEATURE_MODULE,pipeline/hybrid/results_processor.py,139,"for target, target_data in timeframe_data.get('results', {}",Feature-like module may create target columns.
P0,TARGET_IN_FEATURE_MODULE,pipeline/hybrid/results_processor.py,141,"for model, model_data in target_data.get('models', {}",Feature-like module may create target columns.
P0,TARGET_IN_FEATURE_MODULE,pipeline/stages/stage_3_improvements.py,143,"'features_count': len([col for col in features_df.columns if not col.startswith('target_')]),",Feature-like module may create target columns.
P0,TARGET_IN_FEATURE_MODULE,pipeline/stages/stage_3_improvements.py,144,"'targets_count': len([col for col in targets_df.columns if col.startswith('target_')]),",Feature-like module may create target columns.
P0,TARGET_IN_FEATURE_MODULE,pipeline/stages/stage_5_prediction.py,250,target_scaler = self._load_target_scaler(meta),Feature-like module may create target columns.
P0,TARGET_IN_FEATURE_MODULE,pipeline/stages/stage_5_prediction.py,250,target_scaler = self._load_target_scaler(meta),Feature-like module may create target columns.
P0,TARGET_IN_FEATURE_MODULE,pipeline/stages/stage_5_prediction.py,279,"adjusted_prediction, target_scaler)",Feature-like module may create target columns.
P0,TARGET_IN_FEATURE_MODULE,pipeline/stages/stage_5_prediction.py,316,"def _load_target_scaler(self, meta: dict[str, Any]) ->Any | None:",Feature-like module may create target columns.
P0,TARGET_IN_FEATURE_MODULE,pipeline/stages/stage_5_prediction.py,317,return self.scaler_service.load_target_scaler(meta),Feature-like module may create target columns.
P0,TARGET_IN_FEATURE_MODULE,pipeline/stages/feature_engineering/guards.py,7,from src.pipeline.guards.temporal_target_guard import get_temporal_target_guard,Feature-like module may create target columns.
P0,TARGET_IN_FEATURE_MODULE,pipeline/stages/feature_engineering/guards.py,7,from src.pipeline.guards.temporal_target_guard import get_temporal_target_guard,Feature-like module may create target columns.
P0,TARGET_IN_FEATURE_MODULE,pipeline/stages/feature_engineering/guards.py,25,self.temporal_target_guard = get_temporal_target_guard(),Feature-like module may create target columns.
P0,TARGET_IN_FEATURE_MODULE,pipeline/stages/feature_engineering/guards.py,25,self.temporal_target_guard = get_temporal_target_guard(),Feature-like module may create target columns.
P0,TARGET_IN_FEATURE_MODULE,pipeline/stages/feature_engineering/orchestrator.py,33,self.target_gen = TargetGenerator(config_manager),Feature-like module may create target columns.
P0,TARGET_IN_FEATURE_MODULE,pipeline/stages/feature_engineering/orchestrator.py,60,targets_df = self.target_gen.generate_targets(enriched_df),Feature-like module may create target columns.
P0,TARGET_IN_FEATURE_MODULE,pipeline/stages/feature_engineering/targets.py,6,from src.targets.target_orchestrator import TargetOrchestrator,Feature-like module may create target columns.
P0,TARGET_IN_FEATURE_MODULE,pipeline/stages/feature_engineering/targets.py,16,self.target_orchestrator = TargetOrchestrator(targets_list=targets_list),Feature-like module may create target columns.
P0,TARGET_IN_FEATURE_MODULE,pipeline/stages/feature_engineering/targets.py,21,return self.target_orchestrator.generate_targets(df),Feature-like module may create target columns.
P0,TARGET_IN_FEATURE_MODULE,pipeline/stages/modeling/io.py,37,[c for c in config.x_train.columns if c.startswith('target_')],Feature-like module may create target columns.
P0,TARGET_IN_FEATURE_MODULE,pipeline/stages/modeling/io.py,84,[c for c in config.x_train.columns if c.startswith('target_')],Feature-like module may create target columns.
P0,TARGET_IN_FEATURE_MODULE,pipeline/stages/modeling/io.py,120,target_data[model_type] = {,Feature-like module may create target columns.
P2,BROAD_EXCEPT,pipeline/stages/monitoring/feature_monitoring.py,41,except Exception as exc:,Broad exception. Classify fatal/degraded paths.
P2,BROAD_EXCEPT,pipeline/stages/monitoring/feature_monitoring.py,46,except Exception as exc:,Broad exception. Classify fatal/degraded paths.
P2,BROAD_EXCEPT,pipeline/stages/monitoring/feature_monitoring.py,51,except Exception as exc:,Broad exception. Classify fatal/degraded paths.
P0,TARGET_IN_FEATURE_MODULE,pipeline/stages/prediction/data_preparer.py,378,"def load_target_scaler(self, meta: dict[str, Any]) ->(Any | None):",Feature-like module may create target columns.
P0,TARGET_IN_FEATURE_MODULE,pipeline/stages/prediction/data_preparer.py,422,"if hasattr(target_scaler, 'scale_'):",Feature-like module may create target columns.
P0,TARGET_IN_FEATURE_MODULE,pipeline/stages/prediction/data_preparer.py,423,if target_scaler.scale_.shape[0] == 1:,Feature-like module may create target columns.
P0,TARGET_IN_FEATURE_MODULE,pipeline/stages/prediction/data_preparer.py,426,return target_scaler,Feature-like module may create target columns.
P0,TARGET_IN_FEATURE_MODULE,pipeline/stages/prediction/data_preparer.py,428,f'INVALID scaler at {scaler_path}: {target_scaler.scale_.shape[0]} features instead of 1',Feature-like module may create target columns.
P0,TARGET_IN_FEATURE_MODULE,pipeline/stages/prediction/model_resolver.py,371,"for target, target_data in results.items():",Feature-like module may create target columns.
P0,TARGET_IN_FEATURE_MODULE,pipeline/stages/prediction/model_resolver.py,372,"models = target_data.get('models', {})",Feature-like module may create target columns.
P0,TARGET_IN_FEATURE_MODULE,pipeline/stages/prediction/prediction_generator.py,109,target_scaler: Any) ->float:,Feature-like module may create target columns.
P0,TARGET_IN_FEATURE_MODULE,pipeline/stages/prediction/prediction_generator.py,111,if target_scaler is None:,Feature-like module may create target columns.
P0,TARGET_IN_FEATURE_MODULE,pipeline/stages/prediction/prediction_generator.py,120,"if hasattr(target_scaler, 'scale_') and target_scaler.scale_.shape[",Feature-like module may create target columns.
P0,TARGET_IN_FEATURE_MODULE,pipeline/stages/prediction/prediction_generator.py,120,"if hasattr(target_scaler, 'scale_') and target_scaler.scale_.shape[",Feature-like module may create target columns.
P0,TARGET_IN_FEATURE_MODULE,pipeline/stages/prediction/prediction_generator.py,123,f'Scaler has wrong number of features: {target_scaler.scale_.shape[0]} instead of 1',Feature-like module may create target columns.
P0,TARGET_IN_FEATURE_MODULE,pipeline/stages/prediction/prediction_generator.py,125,denormalized = target_scaler.inverse_transform(pred_to_denorm),Feature-like module may create target columns.
P0,TARGET_IN_FEATURE_MODULE,pipeline/stages/prediction/scaler_service.py,34,"def load_target_scaler(self, meta: dict[str, Any]) -> Any | None:",Feature-like module may create target columns.
P0,TARGET_IN_FEATURE_MODULE,pipeline/stages/prediction/scaler_service.py,85,"if hasattr(target_scaler, 'scale_'):",Feature-like module may create target columns.
P0,TARGET_IN_FEATURE_MODULE,pipeline/stages/prediction/scaler_service.py,86,if target_scaler.scale_.shape[0] == 1:,Feature-like module may create target columns.
P0,TARGET_IN_FEATURE_MODULE,pipeline/stages/prediction/scaler_service.py,88,return target_scaler,Feature-like module may create target columns.
P0,TARGET_IN_FEATURE_MODULE,pipeline/stages/prediction/scaler_service.py,91,f'❌ INVALID scaler! Has {target_scaler.scale_.shape[0]} features instead of 1',Feature-like module may create target columns.
P0,TARGET_IN_FEATURE_MODULE,pipeline/stages/trading/recommendation_engine.py,96,"def _get_champion_model_for_target(self, target_key: str, heavy_models:",Feature-like module may create target columns.
P0,TARGET_IN_FEATURE_MODULE,pipeline/stages/trading/recommendation_engine.py,99,"combined_group = heavy_models.get(target_key, []) + light_models.get(",Feature-like module may create target columns.
P0,TARGET_IN_FEATURE_MODULE,pipeline/stages/trading/recommendation_engine.py,100,"target_key, [])",Feature-like module may create target columns.
P0,TARGET_IN_FEATURE_MODULE,pipeline/stages/trading/recommendation_engine.py,110,for target_key in all_targets:,Feature-like module may create target columns.
P0,TARGET_IN_FEATURE_MODULE,pipeline/stages/trading/recommendation_engine.py,111,"champion = self._get_champion_model_for_target(target_key,",Feature-like module may create target columns.
P0,TARGET_IN_FEATURE_MODULE,pipeline/stages/trading/recommendation_engine.py,114,recommendations['champion_by_target'][target_key] = {,Feature-like module may create target columns.
P0,TARGET_IN_FEATURE_MODULE,pipeline/stages/trading/recommendation_engine.py,131,"target_key = f""{ticker}_{'_'.join(parts[2:])}""",Feature-like module may create target columns.
P0,TARGET_IN_FEATURE_MODULE,pipeline/stages/trading/recommendation_engine.py,133,target_key),Feature-like module may create target columns.
P0,TARGET_IN_FEATURE_MODULE,pipeline/stages/trading/recommendation_engine.py,137,"target_key, models_metadata, [pred])",Feature-like module may create target columns.
P0,TARGET_IN_FEATURE_MODULE,pipeline/stages/trading/recommendation_engine.py,344,"def _calculate_robust_confidence(self, ticker: str, target_key: str,",Feature-like module may create target columns.
P0,TARGET_IN_FEATURE_MODULE,pipeline/stages/trading/recommendation_engine.py,348,"champion_data = self._find_champion_model(ticker, target_key,",Feature-like module may create target columns.
P0,TARGET_IN_FEATURE_MODULE,pipeline/stages/trading/recommendation_engine.py,367,"def _find_champion_model(self, ticker: str, target_key: str,",Feature-like module may create target columns.
P0,TARGET_IN_FEATURE_MODULE,pipeline/stages/trading/recommendation_engine.py,371,"if meta.get('target') == target_key.split('_', 1)[1]:",Feature-like module may create target columns.
P0,TARGET_IN_FEATURE_MODULE,scripts/config/ticker_config_updater.py,28,Оновити target_tickers в collectors_config.json,Feature-like module may create target columns.
P0,TARGET_IN_FEATURE_MODULE,scripts/config/ticker_config_updater.py,44,# Оновлюємо target_tickers for YF колектора,Feature-like module may create target columns.
P0,TARGET_IN_FEATURE_MODULE,scripts/config/ticker_config_updater.py,46,config['collectors']['yf']['additional_params']['target_tickers'] = tickers,Feature-like module may create target columns.
P0,TARGET_IN_FEATURE_MODULE,scripts/config/ticker_config_updater.py,74,return config['collectors']['yf']['additional_params']['target_tickers'],Feature-like module may create target columns.
P2,BROAD_EXCEPT,scripts/config/ticker_config_updater.py,59,except Exception as e:,Broad exception. Classify fatal/degraded paths.
P2,BROAD_EXCEPT,scripts/config/ticker_config_updater.py,76,except Exception as e:,Broad exception. Classify fatal/degraded paths.
P2,BROAD_EXCEPT,scripts/data/auto_accumulator.py,168,except Exception as e:,Broad exception. Classify fatal/degraded paths.
P2,BROAD_EXCEPT,trading/archive/legacy_smart_trader.py,93,except Exception as e:,Broad exception. Classify fatal/degraded paths.
P2,BROAD_EXCEPT,trading/archive/legacy_smart_trader.py,130,except Exception as e:,Broad exception. Classify fatal/degraded paths.
P2,BROAD_EXCEPT,trading/archive/legacy_smart_trader.py,172,except Exception as e:,Broad exception. Classify fatal/degraded paths.
P2,BROAD_EXCEPT,trading/archive/legacy_smart_trader.py,189,except Exception as e:,Broad exception. Classify fatal/degraded paths.
