file,symbol,kind,category,line
src/algorithms/adaptive_position_sizer.py,PositionSizingParams,class,other,24
src/algorithms/adaptive_position_sizer.py,LiquidityParams,class,other,38
src/algorithms/adaptive_position_sizer.py,AdaptivePositionSizer,class,other,47
src/algorithms/advanced_backtest_engine.py,AdvancedBacktestEngine,class,other,17
src/algorithms/bias_detector.py,BiasDetector,class,detector,11
src/algorithms/regime_detector.py,RegimeMetrics,class,detector,18
src/algorithms/regime_detector.py,MarketRegimeDetector,class,detector,27
src/algorithms/risk_parity_allocator.py,AllocationMethod,class,other,24
src/algorithms/risk_parity_allocator.py,RiskParityAllocator,class,other,34
src/algorithms/transaction_cost_model.py,TransactionCostModel,class,model,4
src/algorithms/walk_forward_optimizer.py,WalkForwardOptimizer,class,optimizer,13
src/algorithms/walk_forward_optimizer.py,WalkForwardOptimizerExtended,class,optimizer,187
src/analytics/interfaces.py,IAnalyzer,class,analyzer,5
src/analytics/unified_analytics_engine.py,UnifiedAnalyticsEngine,class,other,22
src/calibration/adaptive_confidence_calibrator.py,AdaptiveConfidenceCalibrator,class,other,29
src/calibration/calibration_engine.py,CalibrationEngine,class,other,31
src/cli/argument_validator.py,ArgumentValidator,class,validator,12
src/cli/batch_manager.py,BatchManager,class,other,14
src/cli/pipeline_data_loader.py,PipelineDataLoader,class,other,11
src/cli/pipeline_executor.py,PipelineExecutor,class,other,31
src/config/model_registry.py,ModelRegistry,class,model,4
src/config/unified_config_manager.py,Environment,class,other,22
src/config/unified_config_manager.py,DynamicConfig,class,other,28
src/config/unified_config_manager.py,UnifiedConfigManager,class,other,76
src/core/base_integration.py,BaseIntegration,class,other,8
src/core/exceptions.py,PipelineError,class,other,6
src/core/exceptions.py,DataLoadError,class,other,12
src/core/exceptions.py,DataProcessingError,class,other,18
src/core/exceptions.py,ModelTrainingError,class,model,24
src/core/exceptions.py,FeatureSelectionError,class,other,30
src/core/exceptions.py,ConfigurationError,class,other,36
src/core/version_checker.py,VersionChecker,class,other,19
src/data/data_loader.py,DataLoaderConfig,class,other,14
src/data/data_loader.py,ColabDataLoader,class,other,24
src/data_sources/local_file_data_source.py,LocalFileDataSource,class,other,11
src/devtools/rule_generator.py,ContextRuleGenerator,class,other,16
src/ensembling/stacked_ensemble.py,EnsembleResult,class,other,15
src/ensembling/stacked_ensemble.py,StackedEnsemble,class,other,22
src/factories/model_factory.py,ModelFactory,class,model,27
src/factories/tree_model_factory.py,TreeModelFactory,class,model,13
src/features/colab_context_integration.py,ContextAwareColabFeatureSelector,class,selector,18
src/features/context_aware_feature_selector.py,ContextAwareFeatureSelector,class,selector,19
src/features/feature_cache.py,FeatureCache,class,other,31
src/features/feature_orchestrator.py,FeatureOrchestrator,class,other,18
src/features/feature_selection_cache.py,FeatureSelectionCache,class,other,17
src/features/feature_selector.py,FeatureSelectorConfig,class,selector,13
src/features/feature_selector.py,SimpleFeatureSelector,class,selector,21
src/features/feature_selector.py,ColabFeatureSelector,class,selector,32
src/features/feature_selector.py,FeatureSelector,class,selector,128
src/features/news_clusterer.py,NewsClusterer,class,other,17
src/features/news_dataset_builder.py,NewsContextDatasetBuilder,class,other,22
src/features/news_impact_classifier.py,NewsImpact,class,other,19
src/features/news_impact_classifier.py,NewsImpactClassifier,class,other,31
src/integration/dashboard_data_bridge.py,DashboardDataBridge,class,other,24
src/integration/ensemble_performance_bridge.py,EnsemblePerformanceBridge,class,other,13
src/integrations/base.py,BaseIntegration,class,other,6
src/main/system_orchestrator.py,ExecutionConfig,class,other,24
src/main/system_orchestrator.py,SystemOrchestrator,class,other,32
src/meta_learning/base.py,BaseMetaComponent,class,other,5
src/meta_learning/real_time_learning.py,RealTimeLearning,class,other,16
src/meta_learning/real_time_learning.py,StrategyAdaptator,class,other,334
src/meta_learning/real_time_learning.py,PerformanceTracker,class,other,416
src/meta_learning/real_time_learning.py,MetaLearner,class,other,440
src/metrics/base.py,BaseMetricCalculator,class,calculator,5
src/metrics/calculator.py,MetricsCalculator,class,calculator,12
src/models/enhanced_factory.py,EnhancedModelFactory,class,model,18
src/models/feature_selector.py,ModelFeatureSelector,class,model,5
src/models/integrated_model_manager.py,IntegratedModelManager,class,model,25
src/models/interfaces.py,BaseModel,class,model,15
src/models/loader.py,ModelLoaderStrategy,class,model,26
src/models/loader.py,ModelLoaderFactory,class,model,533
src/models/loader.py,KerasPredictor,class,model,312
src/models/loader.py,PyTorchPredictor,class,model,494
src/models/loader.py,LSTMModel,class,model,408
src/models/loader.py,GRUModel,class,model,422
src/models/loader.py,CNNModel,class,model,436
src/models/loader.py,TransformerModel,class,model,454
src/models/loader.py,AutoencoderModel,class,model,472
src/models/model_pool.py,ModelPool,class,model,32
src/models/persistent_pool.py,PersistentModelPool,class,model,44
src/monitoring/base.py,BaseMonitor,class,other,5
src/monitoring/config.py,MonitoringConfig,class,other,12
src/monitoring/dashboard.py,TextBasedDashboard,class,other,441
src/monitoring/dashboard.py,MonitoringDashboardGenerator,class,other,506
src/monitoring/dashboard.py,MonitoringDashboardApp,class,other,39
src/monitoring/dashboard.py,MonitoringDashboardApp,class,other,434
src/monitoring/data_freshness_monitor.py,DataFreshnessMonitor,class,other,17
src/monitoring/drift_detector.py,DriftDetector,class,detector,8
src/monitoring/feature_drift_monitor.py,FeatureDriftMonitor,class,other,29
src/monitoring/health_hub.py,HealthHub,class,other,22
src/monitoring/ml_analytics.py,MLAnalytics,class,other,20
src/monitoring/monitoring_system.py,alertseverity,class,other,30
src/monitoring/monitoring_system.py,alertstatus,class,other,38
src/monitoring/monitoring_system.py,MetricType,class,other,45
src/monitoring/monitoring_system.py,BaseMonitor,class,other,53
src/monitoring/monitoring_system.py,SystemHealthMonitor,class,other,91
src/monitoring/monitoring_system.py,ModelPerformanceMonitor,class,model,166
src/monitoring/monitoring_system.py,DataQualityMonitor,class,other,220
src/monitoring/monitoring_system.py,AlertManager,class,other,271
src/monitoring/monitoring_system.py,MonitoringDashboard,class,other,356
src/monitoring/monitoring_system.py,MonitoringSystem,class,other,435
src/monitoring/performance_monitor.py,PerformanceMonitor,class,other,11
src/monitoring/tests.py,TestSystemHealthMonitor,class,other,37
src/monitoring/tests.py,TestModelPerformanceMonitor,class,model,98
src/monitoring/tests.py,TestDataQualityMonitor,class,other,133
src/monitoring/tests.py,TestAlertManager,class,other,158
src/monitoring/tests.py,TestMonitoringDashboard,class,other,236
src/monitoring/tests.py,TestTextBasedDashboard,class,other,294
src/monitoring/tests.py,TestMonitoringSystem,class,other,372
src/monitoring/tests.py,TestMonitoringDashboardGenerator,class,other,445
src/optimization/base.py,BaseOptimizer,class,optimizer,7
src/optimization/dynamic_config_updater.py,DynamicConfigurationUpdater,class,other,13
src/optimization/factory.py,OptimizationFactory,class,factory,9
src/optimization/hyperparameter_searcher.py,HyperparameterSearcher,class,other,12
src/patterns/pattern_analyzer.py,PatternDebugger,class,analyzer,18
src/patterns/pattern_analyzer.py,PatternAnalyzer,class,analyzer,165
src/pipeline/hybrid_orchestrator.py,HybridOrchestrator,class,other,20
src/pipeline/pipeline_factory.py,PipelineFactory,class,factory,11
src/pipeline/pipeline_orchestrator.py,StageLoggingRequest,class,other,30
src/pipeline/pipeline_orchestrator.py,PipelineOrchestrator,class,other,39
src/pipeline/stage_loader.py,StageLoader,class,other,13
src/predictions/caching.py,PredictionCache,class,other,28
src/predictions/caching.py,EnsembleResultCache,class,other,160
src/processing/cleaners.py,DataCleaner,class,other,13
src/processing/data_filter.py,IntelligentDataFilter,class,other,10
src/processing/normalization_manager.py,NormalizationManager,class,other,16
src/processing/parallel_processor.py,ParallelProcessor,class,other,18
src/processing/price_preprocessor.py,PricePreprocessor,class,other,13
src/processing/sampling.py,DatasetSampler,class,other,11
src/risk/elite_risk_metrics.py,EliteRiskMetrics,class,other,22
src/risk/exposure_calculator.py,ExposureCalculator,class,calculator,11
src/risk/kill_switch_manager.py,KillSwitchManager,class,other,16
src/risk/kill_switch_manager.py,AlertManager,class,other,24
src/risk/max_exposure_monitor.py,MaxExposureMonitor,class,other,17
src/risk/risk_manager.py,RiskLevel,class,other,14
src/risk/risk_manager.py,Position,class,other,23
src/risk/risk_manager.py,RiskManager,class,other,45
src/risk_management/var_calculator.py,VaRCalculator,class,calculator,4
src/simulation/simulation_engine.py,SimulationGranularity,class,other,29
src/simulation/simulation_engine.py,SimulationContext,class,other,35
src/simulation/simulation_engine.py,SimulationRiskReport,class,other,44
src/simulation/simulation_engine.py,SimulationEngine,class,other,53
src/targets/target_orchestrator.py,TargetOrchestrator,class,other,15
src/trading/adaptive_parameter_manager.py,MarketRegime,class,other,16
src/trading/adaptive_parameter_manager.py,AssetClass,class,other,23
src/trading/adaptive_parameter_manager.py,AdaptiveParameters,class,other,30
src/trading/adaptive_parameter_manager.py,AdaptiveParameterManager,class,other,60
src/trading/consensus_engine.py,ConsensusReport,class,other,22
src/trading/consensus_engine.py,ConsensusEngine,class,other,36
src/trading/consensus_engine.py,EnhancedConsensusEngine,class,other,248
src/trading/elite_risk_sizer.py,EliteRiskSizer,class,other,15
src/trading/live_adaptive_ensemble.py,ModelPerformanceMetric,class,model,17
src/trading/live_adaptive_ensemble.py,EnsembleWeights,class,other,31
src/trading/live_adaptive_ensemble.py,LiveAdaptiveEnsemble,class,other,39
src/trading/portfolio_manager.py,PortfolioManager,class,other,23
src/trading/post_inference_filter.py,PostInferenceFilter,class,other,15
src/trading/signal_processor.py,SignalProcessor,class,other,11
src/trading/trader.py,TradeOrder,class,other,16
src/trading/trader.py,Trader,class,other,24
src/trading/trading_orchestrator.py,TradingOrchestrator,class,other,24
src/trading/virtual_portfolio.py,VirtualPortfolio,class,other,22
src/training/adaptive_training_manager.py,TrainingMode,class,other,46
src/training/adaptive_training_manager.py,AdaptiveTrainingManager,class,other,53
src/training/adaptive_training_manager.py,TimeframeType,class,other,24
src/training/adaptive_training_manager.py,AdaptiveTargetsSystem,class,other,30
src/training/adaptive_training_manager.py,AdaptiveTargetGenerator,class,other,42
src/training/base_trainer.py,TrainingException,class,other,27
src/training/base_trainer.py,TrainingConfigException,class,other,32
src/training/base_trainer.py,TrainerConfig,class,other,37
src/training/base_trainer.py,BaseTrainer,class,other,96
src/training/batch_trainer.py,BatchTrainer,class,other,13
src/training/light_model_trainer.py,LightModelTrainer,class,model,18
src/training/pattern_aware_training.py,PatternAwareModelTrainer,class,model,23
src/training/portfolio_optimizer.py,PortfolioOptimizer,class,optimizer,17
src/training/progressive_trainer.py,ProgressiveTrainer,class,other,36
src/training/unified_training_manager.py,TrainingStrategy,class,other,27
src/training/unified_training_manager.py,UnifiedTrainingManager,class,other,33
src/utils/checkpoint_manager.py,CheckpointParams,class,other,15
src/utils/checkpoint_manager.py,CheckpointManager,class,other,25
src/utils/collector_fixes.py,CollectorFixes,class,collector,9
src/utils/dynamic_module_loader.py,DynamicModuleLoader,class,other,9
src/utils/metrics.py,MetricsCalculator,class,calculator,7
src/utils/missing_data_anomaly_detector.py,MissingDataAnomalyDetector,class,detector,15
src/utils/rate_limiter.py,RateLimiter,class,other,12
src/utils/resource_limiter.py,ResourceLimiter,class,other,5
src/utils/smart_missing_data_handler.py,SmartMissingDataHandler,class,other,15
src/utils/trading_calendar.py,TradingCalendar,class,other,12
src/validation/data_leakage_detector.py,LeakageType,class,detector,18
src/validation/data_leakage_detector.py,LeakageReport,class,detector,30
src/validation/data_leakage_detector.py,DataLeakageDetector,class,detector,40
src/validation/pipeline_schemas.py,RawDataSchema,class,other,25
src/validation/pipeline_schemas.py,ProcessedDataSchema,class,other,57
src/validation/pipeline_schemas.py,EnrichedDataSchema,class,other,110
src/validation/pipeline_schemas.py,ModelMetadataSchema,class,model,145
src/validation/pipeline_schemas.py,PredictionResultsSchema,class,other,168
src/validation/temporal_feature_separator.py,TemporalFeatureSeparator,class,other,20
src/validation/time_series_validator.py,ValidationType,class,validator,25
src/validation/time_series_validator.py,ValidationResult,class,validator,36
src/validation/time_series_validator.py,PurgedTimeSeriesSplit,class,validator,47
src/validation/time_series_validator.py,TimeSeriesValidator,class,validator,82
src/validation/validators.py,DataValidationError,class,validator,14
src/validation/validators.py,UnifiedValidator,class,validator,18
src/training/batch/batch_processor.py,BatchProcessor,class,other,18
src/training/security/path_security_validator.py,PathSecurityValidator,class,validator,16
src/training/state/training_state_manager.py,TrainingState,class,other,20
src/training/state/training_state_manager.py,TrainingStateManager,class,other,31
src/targets/calculators/base_news_target_calculator.py,BaseNewsTargetCalculator,class,calculator,8
src/targets/calculators/classification_calculator.py,ClassificationCalculator,class,calculator,10
src/targets/calculators/indicator_prediction_calculator.py,IndicatorPredictionCalculator,class,calculator,8
src/targets/calculators/post_news_target_calculator.py,PostNewsTargetCalculator,class,calculator,15
src/targets/calculators/pre_news_target_calculator.py,PreNewsTargetCalculator,class,calculator,15
src/targets/calculators/regression_calculator.py,RegressionCalculator,class,calculator,16
src/risk/analyzers/concentration_analyzer.py,ConcentrationAnalyzer,class,analyzer,15
src/risk/analyzers/correlation_analyzer.py,CorrelationAnalyzer,class,analyzer,16
src/risk/kill_switch/alerts.py,AlertManager,class,other,7
src/risk/kill_switch/calculator.py,KillSwitchCalculator,class,calculator,11
src/risk/kill_switch/config.py,KillSwitchConfig,class,other,5
src/risk/kill_switch/executor.py,KillSwitchExecutor,class,other,7
src/risk/kill_switch/manager.py,KillSwitchManager,class,other,14
src/processing/filters/news_filter.py,NewsFilter,class,other,9
src/processing/filters/orchestrator.py,IntelligentDataFilter,class,other,10
src/processing/filters/pattern_extractor.py,PatternExtractor,class,other,7
src/processing/filters/price_filter.py,PriceFilter,class,other,10
src/processing/filters/social_filter.py,SocialFilter,class,other,9
src/pipeline/guards/macro_release_timing_guard.py,MacroReleaseTimingGuard,class,validator,17
src/pipeline/guards/safe_feature_combiner.py,SafeFeatureCombiner,class,validator,17
src/pipeline/guards/temporal_leakage_guard.py,TemporalLeakageGuard,class,validator,16
src/pipeline/guards/temporal_target_guard.py,TemporalTargetGuard,class,validator,9
src/pipeline/guards/timeframe_alignment_guard.py,TimeframeAlignmentGuard,class,validator,16
src/pipeline/hybrid/cache_manager.py,CacheManager,class,other,18
src/pipeline/hybrid/colab_manager.py,BatchPreparationConfig,class,other,27
src/pipeline/hybrid/colab_manager.py,ColabManager,class,other,44
src/pipeline/hybrid/colab_workflow_manager.py,ColabWorkflowManager,class,other,17
src/pipeline/hybrid/component_factory.py,OrchestratorComponentFactory,class,factory,38
src/pipeline/hybrid/context_builder.py,ContextBuilder,class,other,16
src/pipeline/hybrid/contracts.py,ModelTrainingContext,class,model,9
src/pipeline/hybrid/contracts.py,ColabBatchRequest,class,other,20
src/pipeline/hybrid/contracts.py,HybridPipelineRequest,class,other,34
src/pipeline/hybrid/contracts.py,HybridPipelineConfig,class,other,46
src/pipeline/hybrid/contracts.py,HybridFinalStagesRequest,class,other,57
src/pipeline/hybrid/contracts.py,HybridMockFeaturesRequest,class,other,74
src/pipeline/hybrid/data_batch_manager.py,DataBatchManager,class,other,21
src/pipeline/hybrid/data_cache_manager.py,DataCacheManager,class,other,14
src/pipeline/hybrid/data_components_context.py,DataComponentsContext,class,other,11
src/pipeline/hybrid/data_manager.py,HybridDataManager,class,other,17
src/pipeline/hybrid/data_processor.py,DataProcessor,class,other,14
src/pipeline/hybrid/data_utils.py,DataUtils,class,other,17
src/pipeline/hybrid/feature_loader.py,FeatureLoader,class,other,10
src/pipeline/hybrid/feature_processor.py,FeatureProcessor,class,other,16
src/pipeline/hybrid/feature_selection_manager.py,MockSelectionParams,class,other,19
src/pipeline/hybrid/feature_selection_manager.py,FeatureSelectionManager,class,other,28
src/pipeline/hybrid/feature_selection_validator.py,MockFeatureFilesRequest,class,validator,22
src/pipeline/hybrid/feature_selection_validator.py,MockFeaturesRequest,class,validator,32
src/pipeline/hybrid/feature_selection_validator.py,FeatureSelectionValidator,class,validator,41
src/pipeline/hybrid/final_stages_executor.py,FinalStagesExecutor,class,other,16
src/pipeline/hybrid/final_stages_orchestrator.py,FinalStagesOrchestrator,class,other,22
src/pipeline/hybrid/light_models_trainer.py,LightModelTrainingConfig,class,model,20
src/pipeline/hybrid/light_models_trainer.py,LightModelsTrainer,class,model,30
src/pipeline/hybrid/metadata_manager.py,MetadataParams,class,other,17
src/pipeline/hybrid/metadata_manager.py,SaveMetadataParams,class,other,28
src/pipeline/hybrid/metadata_manager.py,BatchMetadataParams,class,other,37
src/pipeline/hybrid/metadata_manager.py,MetadataManager,class,other,46
src/pipeline/hybrid/model_training_orchestrator.py,ModelTrainingOrchestrator,class,model,17
src/pipeline/hybrid/orchestrator_config.py,PipelineConfig,class,other,26
src/pipeline/hybrid/orchestrator_config.py,OrchestratorConfigManager,class,other,42
src/pipeline/hybrid/orchestrator_context.py,OrchestratorContext,class,other,6
src/pipeline/hybrid/orchestrator_interface.py,OrchestratorInterface,class,other,18
src/pipeline/hybrid/pipeline_config.py,PipelineParams,class,other,13
src/pipeline/hybrid/pipeline_config.py,FinalStagesParams,class,other,24
src/pipeline/hybrid/pipeline_config.py,ColabBatchParams,class,other,36
src/pipeline/hybrid/pipeline_executor.py,PipelineExecutor,class,other,18
src/pipeline/hybrid/pipeline_manager.py,PipelineManager,class,other,18
src/pipeline/hybrid/pipeline_metadata_manager.py,PipelineMetadataManager,class,other,16
src/pipeline/hybrid/pipeline_runner.py,PipelineRunner,class,other,19
src/pipeline/hybrid/results_processor.py,ResultsProcessor,class,other,14
src/pipeline/hybrid/selected_features_processor.py,DiscoverSelectedFeaturesFilesConfig,class,other,20
src/pipeline/hybrid/selected_features_processor.py,ProcessSelectedFeaturesFileConfig,class,other,29
src/pipeline/hybrid/selected_features_processor.py,ProcessFilesToContextsConfig,class,other,39
src/pipeline/hybrid/selected_features_processor.py,FeatureLoadRequest,class,other,49
src/pipeline/hybrid/selected_features_processor.py,SelectedFeaturesProcessor,class,other,60
src/pipeline/hybrid/storage_manager.py,StorageManager,class,other,12
src/pipeline/hybrid/test_mode_manager.py,TestModeManager,class,other,15
src/pipeline/stages/base_stage.py,BaseStage,class,other,11
src/pipeline/stages/stage_0_data_generation.py,DataGenerator,class,other,16
src/pipeline/stages/stage_0_setup.py,Stage0Setup,class,other,17
src/pipeline/stages/stage_1_collection.py,CollectionStage,class,other,15
src/pipeline/stages/stage_2_processing.py,ProcessingStage,class,other,9
src/pipeline/stages/stage_3_feature_engineering.py,FeatureEngineeringStage,class,other,9
src/pipeline/stages/stage_4_modeling.py,TargetProcessingConfig,class,model,24
src/pipeline/stages/stage_4_modeling.py,ModelingStage,class,model,33
src/pipeline/stages/stage_5_prediction.py,PredictionResultRequest,class,other,46
src/pipeline/stages/stage_5_prediction.py,PredictionStage,class,other,59
src/pipeline/stages/stage_6_trading_execution.py,TradingExecutionStage,class,other,31
src/pipeline/stages/stage_7_evaluation.py,EvaluationStage,class,other,21
src/pipeline/stages/cache/feature_cache_manager.py,FeatureEngineeringCacheManager,class,other,11
src/pipeline/stages/evaluation/backtest_analyzer.py,BacktestAnalyzer,class,analyzer,20
src/pipeline/stages/evaluation/metrics_calculator.py,MetricsCalculator,class,calculator,17
src/pipeline/stages/evaluation/report_generator.py,ReportGenerator,class,other,19
src/pipeline/stages/features/orchestrator_manager.py,FeatureEngineeringOrchestratorManager,class,other,10
src/pipeline/stages/feature_engineering/enricher.py,FeatureEnricher,class,enricher,11
src/pipeline/stages/feature_engineering/guards.py,FeatureGuards,class,validator,12
src/pipeline/stages/feature_engineering/orchestrator.py,FeatureEngineeringStage,class,other,17
src/pipeline/stages/feature_engineering/targets.py,TargetGenerator,class,other,10
src/pipeline/stages/modeling/dataclasses.py,TargetProcessingConfig,class,model,7
src/pipeline/stages/modeling/dataclasses.py,FeatureLoadingConfig,class,model,18
src/pipeline/stages/modeling/dataclasses.py,TrainingDebugInfo,class,model,29
src/pipeline/stages/modeling/dataclasses.py,SyncFeatureLoadingConfig,class,model,40
src/pipeline/stages/modeling/dataclasses.py,SuccessfulTrainingConfig,class,model,51
src/pipeline/stages/modeling/dataclasses.py,ChampionInfoConfig,class,model,64
src/pipeline/stages/modeling/dataclasses.py,SingleModelTrainingConfig,class,model,80
src/pipeline/stages/modeling/dataclasses.py,LightModelChampionConfig,class,model,100
src/pipeline/stages/monitoring/feature_monitoring.py,FeatureEngineeringMonitor,class,other,8
src/pipeline/stages/news/news_manager.py,FeatureEngineeringNewsManager,class,other,11
src/pipeline/stages/prediction/anomaly_engine.py,AnomalyEngine,class,other,16
src/pipeline/stages/prediction/data_preparation_service.py,DataPreparationService,class,other,16
src/pipeline/stages/prediction/data_preparer.py,PredictionDataPreparer,class,other,16
src/pipeline/stages/prediction/model_resolver.py,ModelResolver,class,model,14
src/pipeline/stages/prediction/model_selection_service.py,ModelSelectionService,class,model,19
src/pipeline/stages/prediction/prediction_context_manager.py,PredictionContextManager,class,other,9
src/pipeline/stages/prediction/prediction_generator.py,PredictionGenerator,class,other,14
src/pipeline/stages/prediction/result_builder.py,PredictionResultBuilder,class,other,15
src/pipeline/stages/prediction/result_request.py,PredictionResultRequest,class,other,8
src/pipeline/stages/prediction/scaler_service.py,ScalerService,class,other,17
src/pipeline/stages/processing/data_handler.py,ProcessingDataHandler,class,other,11
src/pipeline/stages/processing/orchestrator.py,ProcessingStage,class,other,19
src/pipeline/stages/processing/storage.py,ProcessingStorage,class,other,11
src/pipeline/stages/processing/validator.py,ProcessingValidator,class,validator,9
src/pipeline/stages/trading/data_io.py,TradingDataIO,class,other,14
src/pipeline/stages/trading/recommendation_engine.py,TradingRecommendationEngine,class,other,16
src/pipeline/stages/utils/collection_manager.py,CollectionManager,class,other,11
src/pipeline/stages/utils/data_schema_mapper.py,DataSchemaMapper,class,other,8
src/optimization/hyperparameters/bayesian.py,BayesianOptimizer,class,optimizer,17
src/optimization/portfolio/optimizer.py,BlackLittermanParams,class,optimizer,20
src/optimization/portfolio/optimizer.py,PortfolioOptimizer,class,optimizer,31
src/monitoring/infrastructure/resource_monitor.py,ResourceMonitor,class,other,15
src/monitoring/reporting/performance_reports.py,ComprehensiveReporter,class,other,14
src/models/actions/action_trigger.py,ActionTrigger,class,model,15
src/models/adapters/sentiment_integration.py,SentimentModelIntegrator,class,model,14
src/models/adapters/unified_model_adapter.py,UnifiedModelAdapter,class,model,20
src/models/analysis/baseline_dominance_detector.py,BaselineDominanceDetector,class,model,19
src/models/analysis/model_analyzer.py,ModelAnalyzer,class,model,23
src/models/analysis/model_health_analyzer.py,ModelHealthAnalyzer,class,model,15
src/models/analysis/overfitting_detector.py,OverfittingDetector,class,model,14
src/models/analysis/regime_winner_analyzer.py,RegimeWinnerAnalyzer,class,model,19
src/models/dean/dean_bootstrap_system.py,ModelRole,class,model,23
src/models/dean/dean_bootstrap_system.py,DeanAction,class,model,31
src/models/dean/dean_bootstrap_system.py,DeanCritique,class,model,41
src/models/dean/dean_bootstrap_system.py,DeanSimulation,class,model,50
src/models/dean/dean_bootstrap_system.py,DeanBootstrapSystem,class,model,58
src/models/ensemble/confidence_calibrator.py,ConfidenceCalibrator,class,model,20
src/models/ensemble/dynamic_weights.py,DynamicWeightCalculator,class,calculator,33
src/models/ensemble/enhanced_ensemble.py,EnhancedEnsembleModel,class,model,16
src/models/ensemble/ensemble_model.py,EnsembleModel,class,model,15
src/models/ensemble/model_correlation_analyzer.py,ModelCorrelationAnalyzer,class,model,15
src/models/ensemble/weight_stability_monitor.py,WeightStabilityMonitor,class,model,13
src/models/ensembling/composer.py,EnsembleResult,class,model,9
src/models/ensembling/composer.py,EnsembleComposer,class,model,18
src/models/health/model_health_evaluator.py,ModelHealthEvaluator,class,model,16
src/models/linear/knn_model.py,KNNModel,class,model,14
src/models/linear/linear_model.py,LinearModel,class,model,14
src/models/linear/svm_model.py,SVMModel,class,model,14
src/models/model_selector/adaptive_selector.py,AdaptiveModelSelector,class,model,50
src/models/model_selector/fingerprint_selector.py,SmartModelSelector,class,model,9
src/models/model_selector/heavy_light_comparator.py,ModelPerformanceMetrics,class,model,15
src/models/model_selector/heavy_light_comparator.py,HeavyLightModelComparator,class,model,27
src/models/model_selector/smart_selector.py,SmartModelSelector,class,model,15
src/models/monitoring/prediction_drift_monitor.py,PredictionDriftMonitor,class,model,24
src/models/neural/autoencoder_model.py,AutoencoderModel,class,model,13
src/models/neural/base_neural.py,BaseNeuralModel,class,model,16
src/models/neural/cnn_model.py,CNNModel,class,model,15
src/models/neural/gru_model.py,GRUModel,class,model,13
src/models/neural/lstm_model.py,LSTMModel,class,model,13
src/models/neural/mlp_model.py,MLPModel,class,model,11
src/models/neural/tabnet_model.py,TabNetModel,class,model,21
src/models/neural/transformer_model.py,TransformerModel,class,model,20
src/models/prototypes/prototype.py,ModelPrototype,class,model,17
src/models/prototypes/registry.py,PrototypeRegistry,class,model,17
src/models/quality/controller.py,ModelQualityController,class,model,19
src/models/registry/model_registry.py,ModelRegistry,class,model,18
src/models/statistics/model_statistics.py,ModelStatistics,class,model,17
src/models/tree/catboost_model.py,CatBoostModel,class,model,13
src/models/tree/lightgbm_model.py,LightGBMModel,class,model,14
src/models/tree/random_forest_model.py,RandomForestModel,class,model,14
src/models/tree/xgboost_model.py,XGBoostModel,class,model,13
src/models/monitoring/drift/alert_system.py,AlertSystem,class,model,15
src/models/monitoring/drift/analyzer.py,DriftAnalyzer,class,model,10
src/models/monitoring/drift/drift_calculator.py,DriftCalculator,class,calculator,17
src/models/monitoring/drift/drift_visualizer.py,DriftVisualizer,class,model,17
src/models/monitoring/drift/history.py,HistoryManager,class,model,10
src/models/ensemble/calibration/base.py,CalibrationStrategy,class,model,9
src/models/ensemble/calibration/strategies.py,PlattScalingStrategy,class,model,10
src/models/ensemble/calibration/strategies.py,IsotonicRegressionStrategy,class,model,28
src/models/ensemble/correlation/correlation_engine.py,CorrelationEngine,class,model,21
src/models/ensemble/correlation/correlation_visualizer.py,CorrelationVisualizer,class,model,19
src/models/ensemble/weight_stability/analyzer.py,WeightStabilityAnalyzer,class,model,9
src/models/ensemble/weight_stability/calculator.py,WeightStabilityCalculator,class,calculator,9
src/models/ensemble/weight_stability/config.py,WeightStabilityConfig,class,model,2
src/models/ensemble/weight_stability/manager.py,WeightStabilityMonitor,class,model,14
src/models/ensemble/weight_stability/stabilizer.py,WeightStabilizer,class,model,7
src/models/ensemble/weight_stability/visualizer.py,WeightStabilityVisualizer,class,model,13
src/models/analysis/baseline/comparison.py,BaselineComparisonEngine,class,model,6
src/models/analysis/baseline/recommendations.py,BaselineRecommendationEngine,class,model,6
src/models/analysis/baselines/base.py,BaseBaseline,class,model,8
src/models/analysis/baselines/models.py,LinearRegressionBaseline,class,model,16
src/models/analysis/baselines/models.py,SimpleRandomForestBaseline,class,model,49
src/models/analysis/baselines/strategies.py,BuyAndHoldBaseline,class,model,13
src/models/analysis/baselines/strategies.py,MovingAverageBaseline,class,model,41
src/models/analysis/baselines/strategies.py,MeanReversionBaseline,class,model,80
src/models/analysis/overfitting_detection/analyzer.py,OverfittingAnalyzer,class,model,12
src/models/analysis/overfitting_detection/config.py,OverfittingConfig,class,model,7
src/models/analysis/overfitting_detection/manager.py,OverfittingDetector,class,model,15
src/models/analysis/overfitting_detection/metrics.py,OverfittingMetrics,class,model,11
src/models/analysis/overfitting_detection/visualizer.py,OverfittingVisualizer,class,model,11
src/models/analysis/regime/detector.py,RegimeDetector,class,model,10
src/models/analysis/regime/metrics.py,RegimeMetrics,class,model,9
src/models/analysis/regime/patterns.py,RegimePatternAnalyzer,class,model,12
src/models/analysis/regime/recommendations.py,RegimeRecommendationEngine,class,model,8
src/models/analysis/regime/stability.py,RegimeStabilityAnalyzer,class,model,11
src/metrics/financial/financial_metrics_library.py,FinancialMetricsLibrary,class,other,19
src/metrics/financial/portfolio_metrics.py,PortfolioMetricsCalculator,class,calculator,11
src/metrics/model/ml_evaluator.py,MLEvaluator,class,model,21
src/meta_learning/awareness/context_engine.py,ContextAwarenessEngine,class,other,9
src/meta_learning/evolution/dual_loops.py,TradingRule,class,other,39
src/meta_learning/evolution/dual_loops.py,LearningLoopsEngine,class,other,47
src/meta_learning/memory/contextual_weight_calculator.py,WeightResult,class,calculator,19
src/meta_learning/memory/contextual_weight_calculator.py,ContextualWeightCalculator,class,calculator,26
src/meta_learning/memory/diary_engine.py,DecisionType,class,other,35
src/meta_learning/memory/diary_engine.py,DecisionOutcome,class,other,42
src/meta_learning/memory/diary_engine.py,DecisionRecord,class,other,51
src/meta_learning/memory/diary_engine.py,DiaryEngine,class,other,80
src/meta_learning/memory/knn_context_finder.py,KnnContextFinder,class,other,17
src/meta_learning/security/agent_permissions.py,ActionType,class,agent,20
src/meta_learning/security/agent_permissions.py,AgentRole,class,agent,34
src/meta_learning/security/agent_permissions.py,Permission,class,agent,44
src/meta_learning/security/agent_permissions.py,AgentIdentity,class,agent,54
src/meta_learning/security/agent_permissions.py,AgentPermissionSystem,class,agent,64
src/meta_learning/security/constraint_engine.py,ConstraintType,class,other,21
src/meta_learning/security/constraint_engine.py,ConstraintSeverity,class,other,34
src/meta_learning/security/constraint_engine.py,Constraint,class,other,41
src/meta_learning/security/constraint_engine.py,ConstraintViolation,class,other,52
src/meta_learning/security/constraint_engine.py,SecurityConstraintEngine,class,other,62
src/meta_learning/security/constraint_validators.py,ConstraintValidators,class,validator,16
src/meta_learning/awareness/context/analyzer.py,ContextAnalyzer,class,analyzer,11
src/meta_learning/awareness/context/manager.py,ContextAwarenessEngine,class,other,14
src/meta_learning/awareness/context/models.py,EventType,class,model,7
src/meta_learning/awareness/context/models.py,EventImpact,class,model,17
src/meta_learning/awareness/context/models.py,MarketRegime,class,model,24
src/meta_learning/awareness/context/models.py,MarketEvent,class,model,33
src/meta_learning/awareness/context/models.py,MarketContext,class,model,53
src/meta_learning/awareness/context/scanner.py,EventScanner,class,other,8
src/meta_learning/awareness/context/storage.py,ContextStorage,class,other,11
src/main/modes/backtest.py,BacktestMode,class,other,20
src/main/modes/base.py,BaseMode,class,other,13
src/main/modes/intelligent.py,IntelligentMode,class,other,12
src/main/modes/monster_test.py,MonsterTestMode,class,other,20
src/main/modes/predict.py,PredictMode,class,other,16
src/main/modes/train.py,TrainMode,class,other,15
src/main/modes/web_ui.py,WebUIMode,class,other,16
src/main/modes/web_ui.py,TradingUIHandler,class,other,81
src/integrations/data/bigquery_client.py,BigQueryClient,class,other,18
src/feature_engineering/transformers/transformers.py,_BaseScalerTransformer,class,other,11
src/feature_engineering/transformers/transformers.py,StandardScalerTransformer,class,other,49
src/feature_engineering/transformers/transformers.py,MinMaxScalerTransformer,class,other,53
src/features/analysis/importance_stability_analyzer.py,ImportanceStabilityAnalyzer,class,analyzer,17
src/features/analysis/market_conditions_analyzer.py,MarketConditionsAnalyzer,class,analyzer,18
src/features/analysis/news_decay_modeler.py,NewsDecayModeler,class,model,21
src/features/analysis/regime_adapter.py,RegimeAdapter,class,other,14
src/features/analysis/regime_importance_tracker.py,RegimeImportanceTracker,class,other,22
src/features/builders/news_event_dataset_builder.py,NewsEventDatasetBuilder,class,other,22
src/features/enrichers/advanced_analytics_enricher.py,AdvancedAnalyticsEnricher,class,enricher,14
src/features/enrichers/base.py,EnricherError,class,enricher,9
src/features/enrichers/base.py,BaseEnricher,class,enricher,14
src/features/enrichers/context_map_enricher.py,ContextMapEnricher,class,enricher,13
src/features/enrichers/decay_features_enricher.py,DecayFeaturesEnricher,class,enricher,11
src/features/enrichers/derived_features_enricher.py,DerivedFeaturesEnricher,class,enricher,12
src/features/enrichers/hype_enricher.py,HypeEnricher,class,enricher,14
src/features/enrichers/keyword_entity_enricher.py,KeywordEntityEnricher,class,enricher,17
src/features/enrichers/macro_features_enricher.py,MacroFeaturesEnricher,class,enricher,16
src/features/enrichers/market_context_enricher.py,MarketContextEnricher,class,enricher,19
src/features/enrichers/news_impact_enricher.py,NewsImpactEnricher,class,enricher,12
src/features/enrichers/news_quality_enricher.py,NewsQualityEnricher,class,enricher,13
src/features/enrichers/nlp_features_enricher.py,NLPFeaturesEnricher,class,enricher,16
src/features/enrichers/sentiment_features_enricher.py,SentimentFeaturesEnricher,class,enricher,14
src/features/enrichers/significance_features_enricher.py,SignificanceFeaturesEnricher,class,enricher,11
src/features/enrichers/technical_analysis_enricher.py,TechnicalAnalysisEnricher,class,enricher,14
src/features/enrichers/time_features_enricher.py,TimeFeaturesEnricher,class,enricher,10
src/features/enrichers/volatility_enricher.py,VolatilityEnricher,class,enricher,13
src/features/enrichers/volume_enricher.py,VolumeEnricher,class,enricher,13
src/features/monitoring/feature_drift_detector.py,FeatureDriftDetector,class,detector,27
src/features/nlp/deduplication_service.py,DeduplicationService,class,other,11
src/features/selection/enhanced_smart_selector.py,EnhancedSmartFeatureSelector,class,selector,27
src/features/selection/smart_selector.py,SmartFeatureSelector,class,selector,15
src/features/selection/volatility_driver_selector.py,VolatilityDriverSelector,class,selector,11
src/features/utils/modular_adaptive_technical_indicators.py,RSICalculator,class,calculator,30
src/features/utils/modular_adaptive_technical_indicators.py,MACDCalculator,class,calculator,85
src/features/utils/modular_adaptive_technical_indicators.py,BollingerBandsCalculator,class,calculator,136
src/features/utils/modular_adaptive_technical_indicators.py,ModularAdaptiveTechnicalIndicators,class,other,199
src/features/utils/technical_indicators_lib.py,TechnicalIndicators,class,other,8
src/features/validation/feature_leakage_guard.py,LeakageReport,class,validator,27
src/features/validation/feature_leakage_guard.py,FeatureLeakageGuard,class,validator,52
src/features/validation/redundancy_detector.py,RedundancyDetector,class,detector,19
src/features/nlp/extractors/entity_extractor.py,EntityExtractor,class,other,10
src/features/nlp/extractors/keyword_extractor.py,KeywordExtractor,class,other,22
src/features/nlp/extractors/news_ticker_detector.py,NewsTickerDetector,class,detector,13
src/features/nlp/models/roberta_sentiment.py,RobertaSentimentAnalyzer,class,model,10
src/features/nlp/processors/article_processor.py,ArticleProcessor,class,other,18
src/features/nlp/processors/news_analyzer.py,QuickNewsAnalyzer,class,analyzer,14
src/features/nlp/processors/news_analyzer.py,NewsAnalyzer,class,analyzer,98
src/features/nlp/scoring/keyword_features.py,KeywordExtractor,class,other,11
src/features/nlp/scoring/news_scorer.py,NewsScorer,class,other,24
src/features/nlp/scoring/simple_sentiment.py,SimpleSentimentAnalyzer,class,analyzer,21
src/features/nlp/scoring/summarizer.py,Summarizer,class,other,12
src/features/builders/news_event/candle_seeker.py,NewsCandleSeeker,class,other,17
src/features/builders/news_event/enricher.py,NewsGlobalEnricher,class,enricher,13
src/features/builders/news_event/filter.py,NewsEventDataFilter,class,other,12
src/features/analysis/decay/decay_function_registry.py,DecayFunctionRegistry,class,other,16
src/features/analysis/decay/decay_model_fitter.py,DecayModelFitter,class,model,19
src/features/analysis/decay/decay_predictor.py,DecayPredictor,class,other,18
src/data/collectors/aaii_sentiment_collector.py,AIISentimentCollector,class,collector,15
src/data/collectors/alternative_me_collector.py,AlternativeMeCollector,class,collector,19
src/data/collectors/base_collector.py,BaseCollector,class,collector,14
src/data/collectors/bigquery_collector.py,BigQueryCollector,class,collector,11
src/data/collectors/cftc_collector.py,CFTCCollector,class,collector,17
src/data/collectors/collector_factory.py,CollectorFactory,class,collector,16
src/data/collectors/custom_csv_collector.py,CustomCSVCollector,class,collector,11
src/data/collectors/economic_calendar_collector.py,EconomicCalendarCollector,class,collector,16
src/data/collectors/fear_greed_collector.py,FearGreedCollector,class,collector,14
src/data/collectors/fred_collector.py,FredCollector,class,collector,15
src/data/collectors/free_google_trends_collector.py,FreeGoogleTrendsCollector,class,collector,13
src/data/collectors/google_news_collector.py,GoogleNewsCollector,class,collector,18
src/data/collectors/huggingface_collector.py,HuggingfaceCollector,class,collector,17
src/data/collectors/insider_collector.py,InsiderCollector,class,collector,20
src/data/collectors/local_file_collector.py,LocalFileCollector,class,collector,14
src/data/collectors/market_data_collector.py,MarketDataCollector,class,collector,17
src/data/collectors/newsapi_collector.py,NewsAPICollector,class,collector,17
src/data/collectors/put_call_ratio_collector.py,PutCallRatioCollector,class,collector,17
src/data/collectors/reddit_sentiment_collector.py,RedditSentimentCollector,class,collector,17
src/data/collectors/rss_collector.py,RSSCollector,class,collector,24
src/data/collectors/sec_filings_collector.py,SECFilingsCollector,class,collector,23
src/data/collectors/synthetic_generator.py,SyntheticGenerator,class,collector,6
src/data/collectors/vix_collector.py,VIXCollector,class,collector,30
src/data/collectors/yf_collector.py,YFCollector,class,collector,31
src/data/management/asset_manager.py,TradingStyle,class,other,10
src/data/management/asset_manager.py,MarketFocus,class,other,17
src/data/management/asset_manager.py,TradingConfig,class,other,27
src/data/management/asset_manager.py,SectorConfig,class,other,36
src/data/management/asset_manager.py,AssetUniverseManager,class,other,46
src/data/management/data_cleaner.py,DataCleaner,class,other,5
src/data/management/data_manager.py,IDatabaseManager,class,other,18
src/data/management/data_manager.py,DataManager,class,other,55
src/data/management/data_versioning.py,DataVersioning,class,other,15
src/data/quality/data_freshness_checker.py,DataFreshnessChecker,class,other,15
src/data/quality/news_price_availability_filter.py,NewsPriceAvailabilityFilter,class,other,117
src/data/quality/temporal_alignment_checker.py,TemporalAlignmentChecker,class,other,14
src/data/synthetic/data_generator.py,DataGenerator,class,other,16
src/data/validation/event_dataset_validator.py,EventDatasetValidationError,class,validator,11
src/data/validation/event_dataset_validator.py,EventDatasetValidator,class,validator,16
src/data/management/connectors/bigquery_connector.py,BigQueryConnector,class,other,11
src/data/management/handlers/connection_handler.py,ConnectionHandler,class,other,11
src/core/cache/cache_manager.py,CacheManager,class,other,18
src/core/cache/object_cache.py,ObjectCache,class,other,10
src/core/cache/query_cache.py,QueryCache,class,other,11
src/core/clients/http_client_factory.py,IHttpClientFactory,class,factory,15
src/core/clients/http_client_factory.py,HttpClientFactory,class,factory,33
src/core/cloud/gcs_manager.py,GCSManager,class,other,12
src/core/error_handling/error_handler.py,TradingSystemError,class,other,16
src/core/error_handling/error_handler.py,PipelineError,class,other,21
src/core/error_handling/error_handler.py,StageError,class,other,26
src/core/error_handling/error_handler.py,StageExecutionError,class,other,31
src/core/error_handling/error_handler.py,ModelLoadingError,class,model,36
src/core/error_handling/error_handler.py,ConfigurationError,class,other,41
src/core/error_handling/error_handler.py,IErrorHandler,class,other,46
src/core/error_handling/error_handler.py,ErrorHandler,class,other,98
src/core/error_handling/error_handler.py,ErrorContext,class,other,315
src/core/file_management/file_manager.py,FileManager,class,other,18
src/core/logging/logger.py,ContextAdapter,class,other,13
src/core/logging/logger.py,ProjectLogger,class,other,24
src/core/logging/notifier.py,UniversalNotifier,class,other,12
src/core/monitoring/memory_profiler.py,MemoryProfiler,class,other,35
src/core/security/path_validator.py,PathValidationError,class,validator,4
src/core/security/secure_secrets_manager.py,SecurityError,class,other,21
src/core/security/secure_secrets_manager.py,SecretsManager,class,other,117
src/core/system/batch_processor.py,BatchConfig,class,other,18
src/core/system/batch_processor.py,BatchProcessor,class,other,35
src/core/system/connection_registry.py,ConnectionRegistry,class,other,19
src/core/system/version_manager.py,ConfigVersion,class,other,17
src/core/system/version_manager.py,ConfigVersionManager,class,other,27
src/core/utils/lazy_loader.py,LazyLoader,class,other,5
src/core/validation/validators.py,DataValidationError,class,validator,21
src/core/validation/validators.py,TradingAction,class,validator,27
src/core/validation/validators.py,Timeframe,class,validator,33
src/core/validation/validators.py,OrderType,class,validator,44
src/core/validation/validators.py,SignalStrength,class,validator,51
src/core/validation/validators.py,TickerValidator,class,validator,57
src/core/validation/validators.py,MarketDataSchema,class,validator,68
src/core/validation/validators.py,TradingSignal,class,validator,103
src/core/validation/validators.py,TradeOrder,class,validator,119
src/core/validation/validators.py,BacktestRequest,class,validator,144
src/core/validation/validators.py,DataValidator,class,validator,170
src/colab/config/config_loader.py,RuntimeConfigLoader,class,other,12
src/colab/config/training_config.py,TrainingConfig,class,other,8
src/colab/config/training_config.py,CheckpointParams,class,other,23
src/colab/config/training_config.py,TrainingParams,class,other,36
src/colab/config/training_config.py,TrainingLoopParams,class,other,48
src/colab/environment/colab_environment.py,ColabEnvironment,class,other,10
src/colab/environment/setup.py,ColabEnvironment,class,other,10
src/colab/memory/memory_monitor.py,MemoryMonitor,class,other,11
src/colab/models/architectures.py,LSTMModel,class,model,5
src/colab/models/architectures.py,GRUModel,class,model,15
src/colab/models/architectures.py,CNNModel,class,model,25
src/colab/models/architectures.py,TransformerModel,class,model,39
src/colab/models/architectures.py,AutoencoderModel,class,model,52
src/colab/models/model_factory.py,SklearnModelWrapper,class,model,30
src/colab/models/model_factory.py,FakeTensor,class,model,74
src/colab/models/model_factory.py,RandomForestWrapper,class,model,170
src/colab/models/model_factory.py,AutoencoderModel,class,model,211
src/colab/models/sklearn_fallback.py,SklearnModelWrapper,class,model,16
src/colab/models/sklearn_fallback.py,FakeTensor,class,model,60
src/colab/models/torch_models.py,RandomForestWrapper,class,model,101
src/backtesting/advanced/advanced_engine.py,TransactionCostModel,class,model,24
src/backtesting/advanced/advanced_engine.py,BiasDetector,class,detector,63
src/backtesting/advanced/advanced_engine.py,WalkForwardOptimizer,class,optimizer,139
src/backtesting/advanced/advanced_engine.py,AdvancedBacktestEngine,class,other,254
src/analytics/analyzers/adaptive_confidence_analyzer.py,AdaptiveConfidenceAnalyzer,class,analyzer,10
src/analytics/analyzers/causal_event_finder.py,CausalEventFinder,class,analyzer,13
src/analytics/analyzers/drift_analyzer.py,DriftAnalyzer,class,analyzer,7
src/analytics/analyzers/hedge_fund_analyzer.py,HedgeFundAnalyzer,class,analyzer,24
src/analytics/analyzers/knn_similarity_finder.py,KnnSimilarityFinder,class,analyzer,15
src/analytics/analyzers/model_comparison_analyzer.py,ModelComparisonAnalyzer,class,model,17
src/analytics/analyzers/news_impact_analyzer.py,NewsImpactAnalyzer,class,analyzer,15
src/analytics/analyzers/performance_attribution_analyzer.py,PerformanceAttributionAnalyzer,class,analyzer,16
src/analytics/analyzers/risk_decomposition_analyzer.py,RiskDecompositionAnalyzer,class,analyzer,33
src/analytics/analyzers/shap_analyzer.py,ShapAnalyzer,class,analyzer,11
src/analytics/analyzers/wrappers.py,DrawdownAnalyzer,class,analyzer,11
src/analytics/analyzers/wrappers.py,FamaFrenchAnalyzer,class,analyzer,37
src/analytics/analyzers/wrappers.py,VolatilityAnalyzer,class,analyzer,52
src/analytics/arena/arena_battle.py,BattleResult,class,other,25
src/analytics/arena/arena_battle.py,BattleMetrics,class,other,36
src/analytics/arena/arena_battle.py,Battle,class,other,55
src/analytics/arena/arena_battle.py,TradingModelArena,class,model,69
src/analytics/arena/arena_orchestrator.py,ArenaOrchestrator,class,other,15
src/analytics/arena/battle_groups.py,BattleGroup,class,other,6
src/analytics/arena/battle_groups.py,BattleGroupManager,class,other,62
src/analytics/arena/ensemble_performance_bridge.py,EnsemblePerformanceBridge,class,other,13
src/analytics/arena/performance_tracker.py,ModelPerformanceRecord,class,model,15
src/analytics/arena/performance_tracker.py,LeaderboardEntry,class,other,35
src/analytics/arena/performance_tracker.py,ModelPerformanceTracker,class,model,52
src/analytics/calculators/advanced_econometrics_calculator.py,AdvancedEconometricsCalculator,class,calculator,17
src/analytics/calculators/drawdown_calculator.py,DrawdownCalculator,class,calculator,14
src/analytics/calculators/econometrics_calculator.py,EconometricsCalculator,class,calculator,15
src/analytics/calculators/explainability_calculator.py,ExplainabilityCalculator,class,calculator,15
src/analytics/calculators/fama_french_factors.py,FamaFrenchFactors,class,calculator,29
src/analytics/calculators/macro_score_calculator.py,MacroScoreCalculator,class,calculator,8
src/analytics/calculators/risk_reward_calculator.py,TradeConfig,class,calculator,12
src/analytics/calculators/risk_reward_calculator.py,TradeParameters,class,calculator,21
src/analytics/calculators/risk_reward_calculator.py,RiskRewardCalculator,class,calculator,27
src/analytics/calculators/sentiment_stats_calculator.py,SentimentStatsCalculator,class,calculator,7
src/analytics/calculators/volatility_calculator.py,VolatilityCalculator,class,calculator,14
src/analytics/context/causal_effect_methods.py,CausalEffectMethods,class,other,17
src/analytics/context/causal_engine.py,CausalEngine,class,other,9
src/analytics/context/contextual_model_selector.py,ContextualModelSelector,class,model,13
src/analytics/context/counterfactual_generator.py,CounterfactualGenerator,class,other,17
src/analytics/context/difference_in_differences_methods.py,DifferenceInDifferencesMethods,class,other,16
src/analytics/context/ensemble_selector.py,EnsembleContext,class,selector,16
src/analytics/context/ensemble_selector.py,EnsembleSelector,class,selector,29
src/analytics/context/macro_context_analyzer.py,MacroContextAnalyzer,class,analyzer,11
src/analytics/context/market_context_analyzer.py,MarketContextAnalyzer,class,analyzer,13
src/analytics/context/market_phase_analyzer.py,MarketPhaseAnalyzer,class,analyzer,13
src/analytics/context/market_regime_analyzer.py,MarketRegimeAnalyzer,class,analyzer,18
src/analytics/context/prediction_adjuster.py,PredictionAdjuster,class,other,9
src/analytics/context/propensity_score_methods.py,PropensityScoreMethods,class,other,16
src/analytics/context/synthetic_control_methods.py,SyntheticControlMethods,class,other,17
src/analytics/data_managers/model_results_manager.py,ModelResultsManager,class,model,17
src/analytics/detectors/anomaly_detector.py,AnomalyDetector,class,detector,9
src/analytics/detectors/critical_signal_detector.py,CriticalSignalDetector,class,detector,8
src/analytics/engines/causal_engine.py,CausalEngine,class,other,10
src/analytics/reporting/automated_reports.py,AutomatedReporting,class,other,11
src/analytics/reporting/automated_reports.py,HistoricalAnalytics,class,other,44
src/analytics/reporting/model_analyzer.py,ModelAnalyzer,class,model,10
src/analytics/reporting/reporting_orchestrator.py,ReportingOrchestrator,class,other,11
src/analytics/reporting/results_manager.py,ResultsManager,class,other,16
src/analytics/reporting/visualization.py,Visualizer,class,other,18
src/analytics/utils/knn_model_wrapper.py,KnnModelWrapper,class,model,9
src/algorithms/regime/clustering.py,RegimeClusteringEngine,class,other,12
src/algorithms/regime/metrics.py,RegimeMetricsCalculator,class,calculator,7
src/algorithms/regime/rules.py,RegimeRulesEngine,class,other,11
src/algorithms/regime/types.py,MarketRegime,class,other,4
